rel,accepted,state_dist
0.249623,0,0.107782
0.347603,0,0.154386
0.189973,1,0.089923
0.373664,0,0.047087
0.191919,1,0.074137
0.114630,1,0.027120
0.119713,1,0.067645
0.297457,0,0.170862
0.133241,1,0.045950
0.236813,0,0.053330
0.138269,1,0.062182
0.050876,1,0.014698
0.431453,0,0.090102
0.072730,1,0.020213
0.126858,1,0.055357
0.401932,0,0.146208
0.163635,1,0.113869
0.230489,0,0.069036
0.189929,1,0.060556
0.134577,1,0.026367
0.324687,0,0.090595
0.363939,0,0.109795
0.343131,0,0.128114
0.186094,1,0.020008
0.223189,0,0.104418
0.304940,0,0.111839
0.191154,1,0.091589
0.104572,1,0.041658
0.453021,0,0.233062
0.132745,1,0.133838
0.411816,0,0.119713
0.179268,1,0.034978
0.262575,0,0.104636
0.382989,0,0.142308
0.169246,1,0.094808
0.426325,0,0.179775
0.369864,0,0.103438
0.062092,1,0.012732
0.536092,0,0.237758
0.075116,1,0.049361
0.316741,0,0.143638
0.017210,1,0.021333
1.015838,0,2.328257
0.156715,1,0.115885
0.267484,0,0.077208
0.539607,0,0.124429
0.609842,0,0.223051
0.478310,0,0.140519
0.197709,1,0.097466
0.463212,0,0.215661
0.184539,1,0.124002
0.236352,0,0.082974
1.382995,0,2.006936
0.172608,1,0.049357
0.118028,1,0.052890
0.260045,0,0.101174
0.177780,1,0.085483
0.027881,1,0.003089
0.220673,0,0.055247
0.082813,1,0.002499
0.799425,0,0.239965
0.171933,1,0.046906
0.221212,0,0.073473
0.093412,1,0.026928
0.676429,0,0.317178
0.040452,1,0.014177
0.271171,0,0.141973
0.481650,0,0.200248
0.078897,1,0.015669
0.949375,0,0.355800
0.264450,0,0.065678
0.126000,1,0.038250
0.056299,1,0.035069
0.074049,1,0.047718
0.055267,1,0.034602
0.074831,1,0.037748
0.465858,0,0.195294
0.034793,1,0.019896
1.436998,0,1.279345
0.346344,0,0.122484
0.734478,0,0.373880
0.272965,0,0.076329
0.265171,0,0.122513
0.272314,0,0.084850
0.339012,0,0.179478
0.040802,1,0.027938
0.415931,0,0.091345
0.025246,1,0.009393
0.205908,0,0.032111
1.347593,0,2.654467
1.244217,0,2.911783
0.252672,0,0.080081
0.491471,0,0.206751
0.084686,1,0.020321
0.519216,0,0.151354
0.454920,0,0.156809
0.119023,1,0.036174
0.726590,0,0.197273
0.239424,0,0.106242
0.327732,0,0.158686
0.228697,0,0.097003
0.557327,0,0.249151
0.080713,1,0.052339
1.349965,0,1.795101
0.037851,1,0.016185
0.149653,1,0.026961
0.183076,1,0.113042
0.903934,0,1.493686
0.165987,1,0.107234
0.376565,0,0.152677
0.772539,0,0.361597
0.331237,0,0.065699
0.329811,0,0.301387
0.258766,0,0.105155
0.053654,1,0.038388
0.186583,1,0.147572
0.196337,1,0.141044
0.226746,0,0.102678
0.570811,0,0.264667
0.858474,0,0.347673
0.150010,1,0.037306
1.344035,0,1.980635
0.650303,0,0.230621
0.018139,1,0.005579
0.586935,0,0.176061
0.223484,0,0.112961
0.186216,1,0.118652
0.026255,1,0.007187
0.067448,1,0.013585
0.606546,0,0.259571
0.175097,1,0.048430
0.246521,0,0.111249
0.161489,1,0.006774
0.227823,0,0.165194
0.181352,1,0.100000
0.188440,1,0.101403
0.213855,0,0.078271
0.179979,1,0.073774
0.525008,0,0.255528
0.277811,0,0.108373
0.561950,0,0.205012
0.390094,0,0.082758
0.389834,0,0.150460
0.095050,1,0.068581
0.802828,0,0.346448
0.373281,0,0.096437
0.429277,0,0.096048
0.146095,1,0.065897
1.424881,0,2.423689
0.994990,0,0.423026
0.285614,0,0.083247
0.211357,0,0.051894
0.517242,0,0.181001
0.149937,1,0.020119
0.226752,0,0.056088
0.180651,1,0.097040
0.454697,0,0.200928
0.026213,1,0.021137
0.061591,1,0.022548
0.676293,0,0.233939
0.044863,1,0.043157
1.149172,0,1.444884
0.351911,0,0.171596
0.835144,0,0.363726
0.178470,1,0.091424
0.224333,0,0.014226
0.105222,1,0.010853
0.064959,1,0.009018
0.231927,0,0.103345
0.203508,0,0.155041
0.143962,1,0.047544
1.414832,0,2.334876
0.071889,1,0.015170
0.387319,0,0.235887
0.383520,0,0.181521
0.244394,0,0.083301
0.304704,0,0.080317
0.195790,1,0.082334
0.458426,0,0.123774
0.171220,1,0.034445
0.028037,1,0.011184
0.060748,1,0.007410
0.118914,1,0.068715
0.581063,0,0.200771
0.126910,1,0.058040
0.260825,0,0.066244
0.673963,0,0.310207
0.115796,1,0.027467
0.279749,0,0.084101
0.331447,0,0.137707
0.310865,0,0.079148
0.113460,1,0.039150
0.215898,0,0.194594
0.519702,0,0.214362
0.229134,0,0.153312
1.425967,0,2.001001
0.117887,1,0.064023
0.156578,1,0.113093
0.338518,0,0.057012
0.395120,0,0.169507
0.084897,1,0.040944
0.249086,0,0.205678
0.578106,0,0.185918
0.468373,0,0.302234
0.289722,0,0.144755
0.654499,0,0.297638
0.022756,1,0.010132
0.044834,1,0.028054
0.895201,0,0.440665
0.343331,0,0.145499
0.254108,0,0.094529
0.168623,1,0.043231
0.317274,0,0.190772
0.346847,0,0.115977
0.035866,1,0.015643
1.367889,0,2.365289
0.473428,0,0.292618
0.177558,1,0.074244
0.128352,1,0.076794
0.045251,1,0.016240
0.383704,0,0.166952
1.338375,0,2.352726
0.281128,0,0.127025
0.462890,0,0.192832
0.131755,1,0.082165
0.082205,1,0.037996
0.032640,1,0.015993
0.163749,1,0.044987
0.056103,1,0.031947
0.165665,1,0.067349
0.529456,0,0.275719
0.575478,0,0.253701
0.527133,0,0.226959
0.266338,0,0.212071
0.054114,1,0.029225
0.249428,0,0.070548
0.170732,1,0.098002
0.173354,1,0.100567
0.249892,0,0.193796
0.065303,1,0.024283
0.093672,1,0.034801
0.340787,0,0.176091
0.199589,1,0.031424
0.503399,0,0.157777
0.134004,1,0.058020
0.172934,1,0.057874
0.275769,0,0.061250
0.209033,0,0.065192
0.025213,1,0.009011
0.167942,1,0.084738
0.193372,1,0.091650
0.389998,0,0.134380
0.118223,1,0.076547
0.293568,0,0.207949
0.058939,1,0.020045
0.284071,0,0.071783
0.365860,0,0.106301
0.086105,1,0.028118
0.320355,0,0.193157
0.095762,1,0.037438
0.193415,1,0.052123
0.182715,1,0.107864
0.493769,0,0.214685
0.591947,0,0.160526
0.105734,1,0.022063
0.100268,1,0.067266
0.794134,0,0.309772
0.252378,0,0.069963
0.078235,1,0.025265
0.034254,1,0.012008
0.085097,1,0.009638
0.994583,0,3.132583
0.125759,1,0.053624
0.134949,1,0.052334
0.285778,0,0.094474
0.253254,0,0.078446
0.397137,0,0.145746
0.160770,1,0.084881
0.075747,1,0.026937
0.647058,0,0.257396
1.384406,0,1.939538
0.544725,0,0.192550
0.137833,1,0.056186
0.492380,0,0.141953
0.389529,0,0.168577
0.183637,1,0.027783
0.098032,1,0.033893
0.428548,0,0.293746
0.106936,1,0.067590
0.117194,1,0.035381
0.624636,0,0.271468
0.075602,1,0.032743
0.305442,0,0.101157
0.194616,1,0.137149
0.187678,1,0.121347
0.103567,1,0.050973
0.069710,1,0.029721
0.164283,1,0.014639
0.219939,0,0.111618
0.307603,0,0.083616
0.269906,0,0.155545
0.260623,0,0.139915
0.872541,0,0.388340
0.090325,1,0.038026
0.028539,1,0.023148
0.153794,1,0.053890
0.353348,0,0.118508
0.049372,1,0.017048
0.159432,1,0.034282
0.159998,1,0.099241
1.377364,0,1.072027
1.040647,0,1.481017
0.115842,1,0.057112
0.144168,1,0.082220
0.058438,1,0.010969
0.214561,0,0.140202
0.091046,1,0.043854
0.461604,0,0.190457
0.291869,0,0.065617
0.054675,1,0.025535
0.180624,1,0.109152
0.431959,0,0.072088
0.125500,1,0.043551
0.069036,1,0.025997
0.047837,1,0.012549
0.102373,1,0.027631
0.555374,0,0.348695
0.240545,0,0.140147
0.111380,1,0.077821
0.086475,1,0.023245
0.170795,1,0.044641
0.213980,0,0.125348
0.069895,1,0.008716
0.302639,0,0.129107
0.147899,1,0.087706
0.556701,0,0.288791
0.052062,1,0.018833
0.221233,0,0.054188
0.274201,0,0.068544
0.121223,1,0.089812
0.204407,0,0.088114
1.353878,0,2.804315
0.331216,0,0.127627
0.420584,0,0.136384
0.655141,0,0.250805
0.167335,1,0.013818
0.294051,0,0.139801
0.198118,1,0.112703
0.152847,1,0.060769
0.212869,0,0.061341
0.195957,1,0.070737
0.073340,1,0.040470
0.121813,1,0.058662
0.228223,0,0.095787
0.189719,1,0.148117
0.064413,1,0.011848
0.117383,1,0.039178
0.186956,1,0.058802
0.060464,1,0.033422
0.306661,0,0.189922
0.051596,1,0.021726
0.027053,1,0.011953
0.087509,1,0.041642
1.390007,0,1.454018
0.103647,1,0.050185
0.212768,0,0.038191
0.348209,0,0.195185
0.098586,1,0.034707
0.485108,0,0.210554
0.049543,1,0.017808
0.260184,0,0.152773
0.194414,1,0.070456
0.266737,0,0.068416
0.059955,1,0.037979
0.085367,1,0.027820
0.240398,0,0.068579
0.032063,1,0.000589
0.132053,1,0.051947
0.074869,1,0.016493
0.086671,1,0.040777
0.354953,0,0.086696
1.347533,0,2.905405
0.183023,1,0.120141
0.322771,0,0.135428
0.373427,0,0.153277
0.093722,1,0.032195
0.096695,1,0.040852
0.038191,1,0.015954
0.169667,1,0.052524
0.287015,0,0.184192
0.156833,1,0.044091
0.089260,1,0.048187
0.154034,1,0.072593
0.157977,1,0.042182
0.113382,1,0.048433
0.590419,0,0.311389
0.868627,0,0.360665
0.061767,1,0.034613
0.269157,0,0.113153
0.122647,1,0.055171
0.232561,0,0.116204
0.387183,0,0.163109
0.057183,1,0.016843
0.318014,0,0.155349
0.114758,1,0.044194
0.064047,1,0.026439
0.745796,0,0.266455
0.074655,1,0.038330
0.618058,0,0.286354
0.695642,0,0.234768
0.323909,0,0.153164
0.377683,0,0.148125
0.020894,1,0.020412
0.069075,1,0.018474
0.870501,0,0.285135
0.158017,1,0.067067
0.370397,0,0.261426
0.331474,0,0.134836
0.258714,0,0.057834
0.038764,1,0.018860
0.047665,1,0.010682
0.218658,0,0.038690
0.335303,0,0.179159
0.261545,0,0.093704
0.129530,1,0.037098
1.053984,0,2.271127
0.126378,1,0.044633
0.347021,0,0.139611
0.194211,1,0.092534
0.155820,1,0.058496
0.646953,0,0.389863
0.285178,0,0.075371
0.641132,0,0.366500
0.056985,1,0.007306
0.043280,1,0.029927
0.294103,0,0.091418
0.065757,1,0.007881
0.862098,0,0.347766
0.248783,0,0.126981
0.575791,0,0.259920
0.159083,1,0.043961
0.430199,0,0.247428
0.245444,0,0.097479
0.105550,1,0.034419
0.116185,1,0.067447
0.108626,1,0.043111
0.469234,0,0.273862
0.190746,1,0.058723
0.077079,1,0.053352
0.094116,1,0.031764
0.184704,1,0.114536
0.079227,1,0.057490
0.181416,1,0.134919
0.260788,0,0.096365
0.281541,0,0.111355
0.850833,0,0.320001
0.127778,1,0.051182
0.209016,0,0.038181
0.129082,1,0.035599
0.753889,0,0.352235
0.079437,1,0.054527
0.415730,0,0.185264
0.040375,1,0.015130
0.256750,0,0.111592
0.174906,1,0.071058
0.107941,1,0.059670
0.230259,0,0.111866
0.046185,1,0.010984
0.175810,1,0.099843
0.385359,0,0.270983
0.074276,1,0.031217
0.185566,1,0.027113
0.367030,0,0.073083
0.091932,1,0.046282
0.279684,0,0.106822
1.426142,0,1.661980
0.447438,0,0.171051
0.036401,1,0.002455
0.087039,1,0.032692
0.223665,0,0.178482
1.416240,0,1.808701
0.055188,1,0.023762
0.355961,0,0.061288
0.252313,0,0.203307
0.251381,0,0.099513
0.167643,1,0.002888
0.265170,0,0.119749
0.289210,0,0.088193
0.138190,1,0.133620
0.226269,0,0.102340
0.285882,0,0.182216
0.378936,0,0.175207
0.372618,0,0.068868
0.121303,1,0.044280
0.253034,0,0.134040
0.566103,0,0.198627
0.131345,1,0.020693
0.416430,0,0.138047
0.232912,0,0.080151
0.053338,1,0.022262
0.115261,1,0.020784
1.392792,0,2.491567
0.311540,0,0.163734
0.115351,1,0.027037
0.158105,1,0.099231
0.480564,0,0.273936
0.353478,0,0.115704
0.159093,1,0.073693
0.338817,0,0.082266
0.147001,1,0.054580
0.100179,1,0.036572
0.320930,0,0.034246
0.397454,0,0.177668
0.111300,1,0.062275
0.099702,1,0.052845
0.033693,1,0.027293
0.156485,1,0.061592
0.272265,0,0.143840
0.030253,1,0.003319
0.145904,1,0.046880
0.223633,0,0.094642
0.095247,1,0.039929
0.566965,0,0.173851
0.169774,1,0.076523
0.022632,1,0.003794
0.388505,0,0.155377
0.035275,1,0.019901
0.267984,0,0.070379
0.835705,0,0.229410
0.090111,1,0.071873
0.530945,0,0.240778
0.228302,0,0.070795
0.238825,0,0.152115
0.032408,1,0.019454
0.324737,0,0.093471
0.360537,0,0.052243
0.114381,1,0.041477
0.079175,1,0.053628
0.383795,0,0.097942
0.052060,1,0.031813
0.052443,1,0.021069
0.370143,0,0.178069
0.082215,1,0.067190
0.255988,0,0.122681
0.459797,0,0.255259
0.171875,1,0.074434
0.586587,0,0.191074
0.027216,1,0.011489
0.057291,1,0.017789
0.056588,1,0.018207
0.237494,0,0.121869
0.158342,1,0.037661
1.370709,0,1.597525
0.444367,0,0.138309
0.403805,0,0.148298
0.036967,1,0.011552
0.134197,1,0.015179
0.097098,1,0.032555
0.273165,0,0.070454
0.057002,1,0.025960
0.132398,1,0.057039
0.076604,1,0.013329
0.146219,1,0.050045
0.046451,1,0.021032
0.324646,0,0.153151
0.202034,0,0.093303
0.270892,0,0.121537
0.292291,0,0.130067
0.213911,0,0.031897
0.140681,1,0.051715
0.217333,0,0.047165
0.128728,1,0.031397
0.151540,1,0.069182
0.023858,1,0.022722
0.359640,0,0.128514
0.085975,1,0.047574
0.291392,0,0.017517
0.147181,1,0.042646
0.154862,1,0.053464
0.199406,1,0.083907
1.366431,0,2.906733
0.023112,1,0.008229
1.284997,0,2.886133
0.428981,0,0.079834
0.362128,0,0.025026
0.282163,0,0.117434
0.143189,1,0.037419
0.052568,1,0.017941
0.081238,1,0.014531
0.466737,0,0.261781
0.199023,1,0.085149
0.089703,1,0.030923
0.116624,1,0.035996
0.329916,0,0.064224
0.200917,0,0.075788
0.302592,0,0.135185
0.082273,1,0.036750
1.162478,0,2.555866
0.267021,0,0.133618
0.127671,1,0.030089
0.135264,1,0.063592
0.055343,1,0.023531
0.143336,1,0.030761
0.174440,1,0.105810
0.367503,0,0.100898
0.199415,1,0.039785
0.699916,0,0.318110
0.227186,0,0.145452
0.526094,0,0.250028
0.306804,0,0.118887
0.074537,1,0.040410
0.096285,1,0.062347
0.140638,1,0.064536
0.114387,1,0.027648
0.544283,0,0.291129
0.077291,1,0.018197
0.144968,1,0.053453
1.348769,0,1.198400
0.436260,0,0.134799
0.077681,1,0.048752
0.262002,0,0.061138
0.105816,1,0.038748
0.225081,0,0.108672
0.020120,1,0.015878
0.154622,1,0.065882
0.102042,1,0.003435
0.324189,0,0.064171
0.170387,1,0.072003
0.198018,1,0.092745
0.108044,1,0.058644
0.121316,1,0.038856
0.152530,1,0.004498
0.229860,0,0.145879
0.423865,0,0.221649
0.336092,0,0.205390
0.124104,1,0.063076
0.074022,1,0.012816
0.123670,1,0.041889
0.166860,1,0.047741
0.385191,0,0.112295
0.484285,0,0.254609
0.120196,1,0.080754
0.155655,1,0.079042
0.280256,0,0.208877
0.077077,1,0.038440
0.133038,1,0.051318
0.222902,0,0.010457
0.069279,1,0.040441
0.215284,0,0.134802
0.196648,1,0.112167
0.190751,1,0.047079
0.057937,1,0.014715
0.136964,1,0.077203
0.200572,0,0.125947
0.089974,1,0.041128
0.054116,1,0.042526
0.206709,0,0.109293
0.023387,1,0.012080
0.203252,0,0.138512
0.239682,0,0.087837
0.125034,1,0.106151
0.190834,1,0.082273
0.126967,1,0.053819
0.089544,1,0.062255
0.202292,0,0.097086
0.096514,1,0.063865
0.125414,1,0.020042
0.016078,1,0.012442
0.213535,0,0.155023
0.110706,1,0.047282
0.025374,1,0.036392
0.090120,1,0.039678
0.045972,1,0.026367
0.124841,1,0.041991
0.070139,1,0.036890
0.177676,1,0.103640
0.224451,0,0.135913
0.170071,1,0.036110
0.218477,0,0.130062
0.356516,0,0.142246
0.222441,0,0.131586
0.266338,0,0.099564
0.178285,1,0.029917
0.643493,0,0.235242
0.991243,0,2.147936
0.298927,0,0.170043
1.341357,0,1.681329
0.283201,0,0.053761
0.157160,1,0.078728
0.051372,1,0.039652
0.428794,0,0.277947
0.114070,1,0.063048
0.125235,1,0.121765
0.434073,0,0.112135
0.213788,0,0.082588
0.485088,0,0.157599
0.132079,1,0.060136
0.210775,0,0.077332
0.082026,1,0.040936
0.410362,0,0.114987
0.387638,0,0.116813
0.184394,1,0.123581
0.218862,0,0.083681
0.306159,0,0.104028
0.257923,0,0.161275
0.128290,1,0.035762
0.425413,0,0.180966
0.132656,1,0.060660
0.447914,0,0.218648
0.260818,0,0.082722
0.236416,0,0.055248
0.335675,0,0.081253
0.258583,0,0.050553
0.511122,0,0.157931
0.248784,0,0.136407
0.276352,0,0.075995
0.488245,0,0.167269
0.018588,1,0.004622
0.311618,0,0.131760
0.036078,1,0.020324
0.265902,0,0.064848
0.186954,1,0.066845
0.257907,0,0.102737
0.550767,0,0.224249
0.537344,0,0.320032
0.425412,0,0.191490
0.196222,1,0.059124
0.627080,0,0.173271
0.198231,1,0.077378
0.224783,0,0.137112
0.046350,1,0.024167
0.195357,1,0.083335
0.160068,1,0.048520
0.213911,0,0.076357
0.179344,1,0.063553
0.057084,1,0.033726
0.112944,1,0.041757
0.025700,1,0.015149
1.127122,0,0.353196
0.132227,1,0.035285
1.404235,0,1.102204
0.082714,1,0.043597
0.504284,0,0.089535
0.036598,1,0.028157
0.514126,0,0.234517
0.363302,0,0.206826
0.293139,0,0.084222
0.373254,0,0.084867
0.055899,1,0.030075
0.228750,0,0.084611
0.210117,0,0.069646
0.221385,0,0.155290
0.050562,1,0.031015
0.271802,0,0.069647
0.234512,0,0.008679
0.057902,1,0.007794
0.224879,0,0.043532
0.205257,0,0.070301
1.404952,0,2.131317
0.309597,0,0.147828
0.171612,1,0.046928
0.724042,0,0.325717
0.321144,0,0.061661
0.615543,0,0.210534
0.046089,1,0.034936
0.429494,0,0.090670
0.026537,1,0.020824
0.182436,1,0.051739
0.179360,1,0.067765
0.214473,0,0.052354
0.438039,0,0.125707
0.325133,0,0.127301
0.132519,1,0.061300
1.438047,0,1.337743
0.188759,1,0.093648
0.130031,1,0.080087
0.581179,0,0.399231
0.233703,0,0.088649
0.191990,1,0.110009
0.057471,1,0.032415
0.151276,1,0.050300
0.501299,0,0.161593
0.267167,0,0.050608
0.054090,1,0.020265
0.203358,0,0.068345
0.178616,1,0.099887
0.110472,1,0.071012
0.120781,1,0.043148
0.018636,1,0.026137
0.101604,1,0.049697
1.440679,0,1.775978
0.114553,1,0.037089
0.071809,1,0.030483
0.101347,1,0.033352
0.597823,0,0.230499
0.412609,0,0.128995
0.770377,0,0.300692
0.346406,0,0.105523
0.144800,1,0.047953
0.213427,0,0.134857
0.457301,0,0.168628
0.360571,0,0.106741
0.326297,0,0.092587
1.382012,0,1.650971
0.521522,0,0.170594
0.136429,1,0.036779
0.083620,1,0.069734
0.150426,1,0.021376
0.079143,1,0.022035
0.152287,1,0.139102
0.226169,0,0.109952
0.112717,1,0.020234
0.307942,0,0.146189
0.220612,0,0.085062
0.035000,1,0.003505
1.400570,0,0.963110
0.226533,0,0.048011
0.381284,0,0.176225
0.105399,1,0.095224
0.221445,0,0.181171
0.156228,1,0.089209
0.226775,0,0.189660
0.255784,0,0.100517
0.207958,0,0.092786
0.484297,0,0.072842
0.089771,1,0.072888
1.299476,0,2.981826
0.201816,0,0.058058
0.107897,1,0.037329
0.644172,0,0.280235
0.106844,1,0.056623
0.287712,0,0.103362
0.363067,0,0.158171
0.082022,1,0.054638
0.691485,0,0.283525
0.302493,0,0.214880
0.138288,1,0.043126
0.087318,1,0.031113
0.129949,1,0.073357
0.138974,1,0.019374
0.070543,1,0.021627
0.100154,1,0.037470
0.614779,0,0.144313
0.149128,1,0.061711
0.123170,1,0.076775
0.114166,1,0.046506
0.067332,1,0.034274
0.419069,0,0.151411
0.783346,0,0.343516
0.176038,1,0.120924
0.198510,1,0.078305
0.082470,1,0.019799
0.492321,0,0.119967
0.985392,0,0.447036
0.290435,0,0.071539
0.370561,0,0.084718
0.086292,1,0.011012
0.318841,0,0.184478
0.237751,0,0.105137
0.245144,0,0.084625
0.075098,1,0.042391
0.176023,1,0.083329
0.332124,0,0.061707
0.186512,1,0.102237
0.573648,0,0.282526
0.514826,0,0.256398
0.781324,0,0.319378
0.083555,1,0.023351
0.178669,1,0.039513
0.071271,1,0.008669
0.645806,0,0.189564
0.235787,0,0.056390
1.427376,0,2.318620
0.108745,1,0.032993
0.180411,1,0.072127
0.359443,0,0.093775
0.313787,0,0.094074
0.232665,0,0.116178
1.368617,0,2.679947
0.364977,0,0.159854
0.513054,0,0.149672
0.556911,0,0.281077
0.067716,1,0.023430
0.262512,0,0.104233
0.171346,1,0.082266
0.078459,1,0.016474
0.343962,0,0.061821
0.314484,0,0.116740
0.135741,1,0.035994
0.049684,1,0.035207
0.273191,0,0.136975
0.179182,1,0.080691
0.051844,1,0.037918
0.177344,1,0.015450
0.053103,1,0.041704
0.610952,0,0.854182
0.081701,1,0.012806
0.117673,1,0.022139
0.244905,0,0.042785
0.364566,0,0.162331
0.673931,0,0.267596
0.500493,0,0.176771
0.032032,1,0.021890
0.112377,1,0.077989
0.609860,0,0.143563
0.537528,0,0.257044
0.052796,1,0.038858
0.268591,0,0.111216
0.165039,1,0.144610
0.376657,0,0.157607
1.394658,0,1.870819
0.196694,1,0.042225
0.121470,1,0.050473
0.040759,1,0.025367
0.530926,0,0.262664
0.281568,0,0.038653
0.552894,0,0.261030
0.595947,0,0.199432
0.231903,0,0.069467
0.283493,0,0.095057
0.560359,0,0.090633
0.238683,0,0.074475
0.884752,0,0.348736
0.145894,1,0.060966
0.111978,1,0.022473
0.470194,0,0.191762
0.175654,1,0.097460
0.572061,0,0.257945
1.418079,0,1.431284
0.211231,0,0.068080
0.136591,1,0.067937
0.314037,0,0.082182
0.115103,1,0.027108
0.516148,0,0.235220
0.395595,0,0.196124
0.351479,0,0.100084
0.193059,1,0.067378
0.135923,1,0.028994
0.837707,0,0.268110
0.057337,1,0.048002
0.370761,0,0.088057
0.592702,0,0.247331
0.045445,1,0.004147
0.067855,1,0.082656
0.090619,1,0.064914
0.365825,0,0.175040
0.259020,0,0.119685
0.362390,0,0.154433
0.202676,0,0.069536
0.299312,0,0.146698
0.021714,1,0.003414
0.399323,0,0.076460
0.126069,1,0.040236
0.057144,1,0.018734
0.154013,1,0.060246
1.376416,0,1.494896
0.321465,0,0.021464
0.537473,0,0.178009
0.078687,1,0.040376
0.115019,1,0.028731
0.075748,1,0.045175
0.512934,0,0.239457
0.239448,0,0.071369
0.098945,1,0.027590
0.131135,1,0.048070
0.060022,1,0.010746
0.181349,1,0.038027
0.392256,0,0.118403
0.222831,0,0.034424
0.308733,0,0.063003
0.117754,1,0.039570
0.075119,1,0.026946
0.146106,1,0.022770
0.115038,1,0.075501
0.066841,1,0.035065
0.162016,1,0.089519
0.077971,1,0.020237
0.209074,0,0.033879
0.238100,0,0.100859
0.166200,1,0.114407
0.127987,1,0.016035
0.216530,0,0.124055
1.384608,0,1.576629
0.139415,1,0.022082
0.425244,0,0.162510
0.273406,0,0.059602
0.917424,0,0.534808
0.225094,0,0.038496
0.180860,1,0.055013
0.242997,0,0.108546
0.294997,0,0.115705
0.357457,0,0.097382
0.065841,1,0.024073
0.090888,1,0.018946
0.074399,1,0.021581
0.300465,0,0.145474
0.285448,0,0.110296
0.092851,1,0.022614
0.041689,1,0.012772
0.035456,1,0.029989
0.089967,1,0.027166
0.415146,0,0.156287
0.058561,1,0.021715
0.350970,0,0.114569
0.112707,1,0.034148
0.144152,1,0.056363
0.033640,1,0.010525
0.314307,0,0.193727
0.121455,1,0.040562
0.359144,0,0.130221
0.308378,0,0.064521
0.164344,1,0.088936
0.096622,1,0.031706
0.547340,0,0.297817
0.399954,0,0.165678
0.160329,1,0.043716
0.197875,1,0.087526
0.772655,0,0.307218
0.511165,0,0.106675
0.284450,0,0.104218
0.113906,1,0.052305
0.143509,1,0.056178
0.110817,1,0.063053
1.356179,0,0.796296
0.116911,1,0.042431
0.065974,1,0.029523
0.070289,1,0.028340
0.215650,0,0.072930
0.140064,1,0.068129
0.232484,0,0.125042
0.383137,0,0.076380
0.093390,1,0.065681
0.334600,0,0.116007
0.071158,1,0.003900
0.292351,0,0.118998
0.062922,1,0.021081
0.050231,1,0.033758
0.310617,0,0.190433
0.041049,1,0.011559
0.029037,1,0.009314
0.131447,1,0.041201
0.444134,0,0.174693
0.147595,1,0.055908
0.073623,1,0.023900
0.167705,1,0.128736
0.163137,1,0.093917
0.263918,0,0.048911
0.078772,1,0.007259
0.286890,0,0.104598
0.165987,1,0.043094
0.153320,1,0.069300
0.608167,0,0.272438
0.289850,0,0.158141
1.404480,0,1.247757
0.138882,1,0.074922
0.055547,1,0.027726
0.408618,0,0.217498
0.279154,0,0.241081
0.772243,0,0.239395
0.616148,0,0.167043
0.207496,0,0.052773
0.288703,0,0.083990
0.245856,0,0.091801
0.268539,0,0.063058
0.119396,1,0.017237
0.468528,0,0.123151
0.142473,1,0.064403
0.352335,0,0.132581
0.015159,1,0.023457
0.074617,1,0.028789
0.121210,1,0.063877
0.258266,0,0.098466
0.811782,0,0.227194
0.450283,0,0.086144
0.111458,1,0.068061
0.375124,0,0.074114
0.122272,1,0.036264
0.100110,1,0.028057
0.158214,1,0.044870
0.456116,0,0.169313
0.107541,1,0.039279
0.103878,1,0.050990
0.113242,1,0.074170
0.259390,0,0.074204
0.187270,1,0.081691
1.371875,0,1.140961
0.959890,0,0.381482
0.072047,1,0.020766
0.492040,0,0.207552
0.134276,1,0.031000
0.418461,0,0.171208
0.247324,0,0.095820
0.080497,1,0.044061
0.145602,1,0.069010
0.203030,0,0.093857
0.065361,1,0.016450
0.332702,0,0.201679
0.540982,0,0.227232
0.203504,0,0.083014
0.713608,0,0.274149
0.096194,1,0.084278
0.553820,0,0.097063
0.144007,1,0.051652
0.395167,0,0.240885
0.232781,0,0.078151
0.317054,0,0.145537
0.078689,1,0.023732
0.148209,1,0.087056
0.116845,1,0.044739
0.258985,0,0.137591
0.075773,1,0.016703
0.194875,1,0.099438
0.160990,1,0.031710
0.054327,1,0.022547
0.109574,1,0.043560
0.308754,0,0.109518
0.058717,1,0.018210
0.156968,1,0.065942
0.110316,1,0.058952
0.192629,1,0.045840
0.879575,0,0.403722
0.056215,1,0.034558
0.285905,0,0.127462
0.716981,0,0.313474
0.132803,1,0.042827
0.372715,0,0.092879
0.451207,0,0.184301
0.148059,1,0.021380
0.049436,1,0.026905
0.208875,0,0.087034
0.280647,0,0.103926
0.256498,0,0.135595
0.075413,1,0.036210
0.489377,0,0.207859
0.081961,1,0.035883
0.387169,0,0.108062
0.143795,1,0.068256
0.177338,1,0.040944
0.091819,1,0.086869
0.352623,0,0.107527
0.036879,1,0.020145
0.082881,1,0.061982
0.305137,0,0.139371
0.396323,0,0.035270
0.069163,1,0.032971
0.141694,1,0.023963
0.247228,0,0.042144
0.174549,1,0.088807
0.033544,1,0.019574
0.118049,1,0.040025
0.122356,1,0.058914
1.528317,0,2.766231
0.211966,0,0.066810
0.145447,1,0.080851
0.126738,1,0.044330
0.154803,1,0.077997
0.140340,1,0.058877
0.465614,0,0.194546
0.183960,1,0.082446
0.206860,0,0.085726
0.454916,0,0.137428
0.049986,1,0.010408
0.159944,1,0.019201
0.441315,0,0.299927
1.260120,0,0.589449
0.362691,0,0.092058
0.104392,1,0.047412
0.619747,0,0.219608
0.114224,1,0.055943
0.138353,1,0.041834
0.046738,1,0.023148
0.061631,1,0.042677
0.134950,1,0.011407
0.464501,0,0.200221
0.728999,0,0.323700
0.166294,1,0.058335
0.068614,1,0.019780
0.217381,0,0.097060
0.220611,0,0.075268
0.086670,1,0.015219
0.148784,1,0.066245
0.098659,1,0.019765
0.130151,1,0.021324
0.054168,1,0.007842
0.048161,1,0.017391
0.252855,0,0.117450
0.129623,1,0.171185
0.119924,1,0.021378
0.167702,1,0.093504
0.150313,1,0.039845
0.128821,1,0.054238
0.303516,0,0.062196
0.209017,0,0.043700
0.215539,0,0.032673
0.236206,0,0.068868
0.137106,1,0.051404
0.836790,0,0.323224
0.359942,0,0.151750
1.375738,0,1.578388
0.347830,0,0.157744
0.568056,0,0.195564
0.267799,0,0.044632
0.169080,1,0.090991
0.144682,1,0.051139
0.178893,1,0.071116
0.146214,1,0.123743
0.220819,0,0.180891
0.880409,0,0.458976
0.173305,1,0.112568
0.801551,0,0.149910
0.075609,1,0.016829
0.250406,0,0.108666
0.199539,1,0.101444
0.126326,1,0.043204
0.133903,1,0.059909
0.976751,0,1.133939
0.306161,0,0.150871
0.133875,1,0.094950
1.382308,0,2.776732
0.254415,0,0.057366
0.027331,1,0.006796
0.190445,1,0.079966
0.245238,0,0.126350
0.144813,1,0.041249
0.454755,0,0.117851
0.069994,1,0.023327
0.137082,1,0.074684
1.414963,0,1.932514
0.158941,1,0.049759
0.035321,1,0.006762
0.077123,1,0.020524
0.140181,1,0.058799
0.186940,1,0.058360
0.114741,1,0.088989
0.719556,0,0.278143
0.209307,0,0.091156
0.649915,0,0.361684
0.080357,1,0.035050
0.353882,0,0.167021
0.092666,1,0.038109
0.044970,1,0.021737
0.271458,0,0.132329
0.146126,1,0.158906
0.135236,1,0.053425
0.046531,1,0.017127
0.349339,0,0.152452
0.167123,1,0.103302
0.155243,1,0.044015
0.058470,1,0.019514
0.280839,0,0.115162
0.185247,1,0.073434
0.170383,1,0.097426
0.092513,1,0.059241
0.127238,1,0.053946
0.157262,1,0.048411
0.146664,1,0.082610
0.067822,1,0.018151
0.377845,0,0.099511
0.194152,1,0.073374
0.170180,1,0.068293
0.192629,1,0.049413
0.152777,1,0.011631
0.214653,0,0.130859
0.316223,0,0.092195
0.088893,1,0.061662
0.151893,1,0.036018
0.060547,1,0.039511
0.031195,1,0.011866
0.028455,1,0.029626
0.148082,1,0.119203
0.267323,0,0.050073
0.247756,0,0.156169
0.323420,0,0.181945
0.100845,1,0.013041
0.125692,1,0.040036
0.107330,1,0.031013
0.294858,0,0.134009
0.216261,0,0.163445
0.210132,0,0.067858
0.350471,0,0.153382
0.225949,0,0.023081
0.066786,1,0.006280
0.064154,1,0.032347
0.236380,0,0.094022
0.117761,1,0.034873
0.166202,1,0.063187
0.213187,0,0.052556
0.168448,1,0.084483
0.264216,0,0.143941
0.036365,1,0.009784
0.255628,0,0.083257
0.093193,1,0.074923
0.362599,0,0.046049
0.309108,0,0.126310
0.196955,1,0.049257
0.344096,0,0.136934
0.059620,1,0.011081
0.263174,0,0.051177
0.463424,0,0.223855
0.209922,0,0.099885
0.143277,1,0.062003
0.224769,0,0.145007
0.199670,1,0.102348
0.170682,1,0.029035
0.227567,0,0.044299
0.407030,0,0.250242
0.238490,0,0.061348
0.396220,0,0.186844
0.402766,0,0.143107
0.036925,1,0.036505
0.056235,1,0.030370
0.210275,0,0.125846
0.368038,0,0.134416
0.218534,0,0.081012
0.126105,1,0.048921
0.257253,0,0.028865
0.101105,1,0.060730
1.393355,0,1.252047
0.303065,0,0.073320
0.113348,1,0.035508
0.225896,0,0.097567
0.162382,1,0.046269
0.069767,1,0.015469
0.434738,0,0.130843
0.121198,1,0.028205
0.084947,1,0.026219
0.337860,0,0.141550
0.195405,1,0.050868
0.157570,1,0.080985
1.433262,0,1.194995
0.211720,0,0.087688
0.105542,1,0.050749
0.375175,0,0.101749
0.395813,0,0.115164
0.224470,0,0.042083
0.376708,0,0.217501
0.336565,0,0.161113
0.211080,0,0.055850
0.460819,0,0.137220
0.171058,1,0.036721
0.443813,0,0.187640
0.214219,0,0.082326
0.253939,0,0.057831
0.295911,0,0.090343
0.395227,0,0.107525
0.383970,0,0.202150
0.163748,1,0.072522
0.175171,1,0.027942
0.543968,0,0.199782
0.202790,0,0.034115
0.373773,0,0.157736
0.019531,1,0.015268
0.466417,0,0.248133
0.175906,1,0.069487
0.266946,0,0.153326
1.368024,0,2.951927
0.541001,0,0.127086
0.496889,0,0.288948
0.230334,0,0.085932
0.642202,0,0.124180
1.439227,0,1.741425
0.187623,1,0.095962
1.459957,0,2.541004
1.366261,0,1.255409
0.145885,1,0.088299
1.438144,0,1.045389
0.152473,1,0.030794
0.102797,1,0.026365
0.067664,1,0.052702
0.085943,1,0.019911
0.778060,0,0.281649
0.127636,1,0.043807
0.429743,0,0.121331
0.172840,1,0.102639
0.561997,0,0.171499
0.048078,1,0.017281
0.183690,1,0.040453
0.106124,1,0.047974
0.506923,0,0.148862
0.209445,0,0.093124
0.136808,1,0.045391
0.836404,0,0.359374
0.041628,1,0.024463
0.125811,1,0.005899
0.252162,0,0.112567
0.224521,0,0.084470
0.461339,0,0.163981
0.254703,0,0.152777
0.070859,1,0.007202
0.125130,1,0.058686
0.448921,0,0.205405
0.063846,1,0.023180
0.220361,0,0.089594
0.106023,1,0.060655
0.398907,0,0.192913
0.181948,1,0.055945
0.114929,1,0.050425
0.499099,0,0.093349
1.431002,0,1.159102
1.267219,0,3.015492
0.075797,1,0.044486
0.584701,0,0.183640
0.641964,0,0.263737
0.434884,0,0.224475
0.165821,1,0.036433
0.287477,0,0.085068
0.189510,1,0.111041
0.164093,1,0.061666
0.540430,0,0.211245
0.101008,1,0.041410
0.236332,0,0.056539
0.666849,0,0.198821
0.478617,0,0.215931
0.449824,0,0.063502
0.163080,1,0.092547
0.076313,1,0.049692
1.339517,0,1.832744
0.448883,0,0.214477
0.172143,1,0.059921
0.178529,1,0.034800
0.172820,1,0.111960
0.457593,0,0.160163
0.213421,0,0.116655
1.281228,0,2.959468
1.148137,0,2.149203
0.178376,1,0.075351
0.316904,0,0.205824
0.422342,0,0.231257
1.499459,0,2.767260
0.188832,1,0.047474
0.053396,1,0.026210
0.649610,0,0.187866
0.156908,1,0.067196
0.382593,0,0.113962
0.128001,1,0.058343
0.663459,0,0.288079
0.303400,0,0.090512
0.109697,1,0.051042
0.236648,0,0.100216
0.120328,1,0.056069
0.103945,1,0.026549
0.186354,1,0.117635
0.101409,1,0.063563
0.070188,1,0.091586
0.024996,1,0.010763
0.025509,1,0.013230
0.224983,0,0.067691
0.246858,0,0.044101
0.044238,1,0.040418
0.682742,0,0.321976
0.377923,0,0.153159
0.058406,1,0.038656
0.623110,0,0.280683
0.069473,1,0.075548
0.427499,0,0.185773
0.093148,1,0.059984
0.180875,1,0.075448
1.423863,0,1.331985
1.324000,0,3.139075
0.071880,1,0.044919
0.393695,0,0.108632
0.560456,0,0.292578
0.232854,0,0.063337
0.349740,0,0.095746
0.066087,1,0.038475
0.416286,0,0.110197
1.416664,0,2.013051
0.074661,1,0.032753
0.192438,1,0.032353
0.244456,0,0.122542
0.730660,0,0.384269
0.258523,0,0.158862
0.321417,0,0.091433
1.303229,0,3.107879
0.139136,1,0.059054
0.069738,1,0.009410
0.391008,0,0.139327
0.224150,0,0.103098
0.225130,0,0.094615
0.548025,0,0.166110
0.198103,1,0.080728
0.175849,1,0.096445
0.313104,0,0.029124
1.382306,0,1.050660
1.097095,0,0.488413
0.348297,0,0.114841
0.045349,1,0.014438
0.219528,0,0.070718
1.384614,0,1.088749
0.173094,1,0.076779
0.454192,0,0.122965
0.038808,1,0.015844
0.157377,1,0.072626
0.065922,1,0.034158
0.092515,1,0.049689
0.461945,0,0.268372
0.439483,0,0.182830
0.226590,0,0.062129
0.449342,0,0.248400
0.339022,0,0.132331
0.286501,0,0.114436
0.270932,0,0.171896
0.086902,1,0.049521
1.095782,0,0.496078
0.298882,0,0.127487
0.284093,0,0.042241
0.596569,0,0.165544
0.157853,1,0.031834
0.171583,1,0.060388
0.148382,1,0.085066
0.486878,0,0.191323
0.279364,0,0.119545
0.210774,0,0.093281
0.204740,0,0.053858
0.244512,0,0.076651
0.040833,1,0.034875
0.434906,0,0.124865
0.884517,0,0.242982
0.158173,1,0.046520
0.148791,1,0.062683
0.656263,0,0.285220
0.126628,1,0.025132
0.172386,1,0.063304
0.121048,1,0.065052
1.023085,0,0.387566
1.447695,0,2.038163
0.240311,0,0.085940
1.374104,0,1.508906
0.175484,1,0.118623
0.279240,0,0.044326
0.173800,1,0.049609
0.348970,0,0.134162
0.452080,0,0.134981
0.107560,1,0.051257
0.550198,0,0.271950
0.265882,0,0.120065
0.539681,0,0.245613
0.356311,0,0.175218
0.151769,1,0.058171
0.561135,0,0.235849
0.137721,1,0.053177
0.464848,0,0.100273
0.223525,0,0.069297
0.408844,0,0.209741
0.302819,0,0.124116
0.071302,1,0.057965
0.090027,1,0.012504
0.407337,0,0.112051
0.153059,1,0.102474
0.237327,0,0.137743
0.280779,0,0.148027
0.186043,1,0.069758
1.437202,0,1.299782
0.154708,1,0.069859
0.788436,0,0.330677
1.464362,0,2.251358
0.324230,0,0.132219
0.318004,0,0.158555
0.217784,0,0.063376
0.384615,0,0.135511
0.166208,1,0.085974
0.667619,0,0.176538
0.139474,1,0.058223
0.541882,0,0.182477
0.099351,1,0.055898
0.235387,0,0.112790
0.541069,0,0.246252
0.040704,1,0.005889
1.304124,0,3.139777
0.230949,0,0.141360
0.266094,0,0.088060
0.347885,0,0.242414
0.271891,0,0.135240
0.260344,0,0.067918
1.274475,0,2.386024
0.611070,0,0.270474
1.022223,0,1.221431
0.236822,0,0.067026
0.148543,1,0.018565
0.469982,0,0.187863
1.039328,0,1.164019
0.076126,1,0.021960
0.164072,1,0.081395
0.970089,0,0.415138
0.113081,1,0.035855
0.489174,0,0.262859
0.163791,1,0.046608
0.416508,0,0.220611
0.081718,1,0.030226
0.104440,1,0.031667
0.049334,1,0.010533
0.226700,0,0.119298
0.126674,1,0.082838
0.234546,0,0.095171
0.121621,1,0.061744
1.383330,0,1.946862
0.289901,0,0.109575
0.155665,1,0.055551
0.423588,0,0.165023
0.236811,0,0.134700
1.357221,0,1.223180
1.451432,0,2.017683
1.470114,0,2.630205
0.388001,0,0.110504
0.506098,0,0.084240
0.210775,0,0.090874
0.327721,0,0.147945
0.122494,1,0.083813
0.358412,0,0.198899
0.336733,0,0.079161
0.202803,0,0.066439
0.276373,0,0.123017
1.435139,0,1.321960
0.288114,0,0.169735
0.123624,1,0.028631
0.078302,1,0.033927
1.424713,0,1.493281
0.466924,0,0.156245
0.081433,1,0.034567
0.694558,0,0.257776
0.051229,1,0.036279
0.317895,0,0.139106
0.873645,0,0.924712
1.325793,0,1.819721
0.085932,1,0.050261
0.600560,0,0.204716
0.125303,1,0.037891
0.370912,0,0.215316
0.319342,0,0.052288
0.187100,1,0.055371
0.103645,1,0.066605
0.070122,1,0.022021
0.137599,1,0.051413
0.354054,0,0.070817
0.182887,1,0.123524
0.071614,1,0.031654
0.327967,0,0.186609
0.353010,0,0.169291
0.267339,0,0.081137
0.080382,1,0.022811
0.094565,1,0.044368
0.160920,1,0.105492
0.553328,0,0.155834
1.288724,0,0.651861
0.240615,0,0.051377
0.170576,1,0.102893
0.019625,1,0.014581
0.126491,1,0.034876
0.192869,1,0.099526
0.451910,0,0.168186
0.331691,0,0.077448
0.177435,1,0.115292
0.133416,1,0.090304
0.281449,0,0.042719
0.388462,0,0.094458
0.303854,0,0.078736
0.234287,0,0.115693
0.491802,0,0.358430
0.091890,1,0.030959
0.090460,1,0.046060
0.098226,1,0.067174
0.656150,0,0.248733
0.279857,0,0.083637
0.070363,1,0.009379
0.226673,0,0.087365
0.300149,0,0.133676
0.058864,1,0.024700
0.343489,0,0.122837
0.016276,1,0.005432
0.137548,1,0.079518
0.401371,0,0.165082
0.034206,1,0.017605
0.041805,1,0.028512
0.240733,0,0.055015
0.294628,0,0.064229
0.100329,1,0.068663
0.101903,1,0.042782
0.188356,1,0.080233
0.214473,0,0.070899
0.161988,1,0.078789
0.183350,1,0.141115
0.293193,0,0.097840
0.121734,1,0.047827
0.791390,0,0.297561
0.111932,1,0.027563
0.222682,0,0.071196
0.112573,1,0.057411
0.114745,1,0.011830
0.243472,0,0.062199
0.216738,0,0.136678
0.171795,1,0.163041
0.112975,1,0.019981
0.027016,1,0.025864
0.107544,1,0.061018
0.086863,1,0.027733
0.273797,0,0.132078
0.087516,1,0.041338
0.325123,0,0.192543
0.066805,1,0.010713
0.172151,1,0.077867
0.238285,0,0.082936
0.045186,1,0.014087
0.057895,1,0.028451
0.120924,1,0.084338
0.056776,1,0.028216
0.072808,1,0.050116
0.181189,1,0.035144
0.143187,1,0.055061
0.977979,0,0.497275
0.379561,0,0.207467
0.313942,0,0.100433
0.358598,0,0.105237
0.140493,1,0.091176
0.132534,1,0.048141
0.396259,0,0.127698
0.114875,1,0.067190
0.362452,0,0.099116
0.156572,1,0.078013
0.087920,1,0.060380
0.155272,1,0.040859
0.987172,0,2.573778
0.131996,1,0.040378
0.355628,0,0.069632
1.461789,0,2.686322
0.200203,0,0.112972
0.222875,0,0.140582
0.160824,1,0.027201
0.211172,0,0.106998
0.160280,1,0.050997
0.295309,0,0.110830
0.119069,1,0.043643
0.266552,0,0.095246
0.474624,0,0.110158
0.220729,0,0.077701
0.639860,0,0.313974
0.818862,0,0.299422
0.150563,1,0.031927
0.260635,0,0.103954
0.757313,0,0.290363
0.180991,1,0.026001
0.472678,0,0.159420
0.211597,0,0.086862
0.219735,0,0.111497
0.130138,1,0.054720
0.609352,0,0.282102
0.096317,1,0.052963
0.216607,0,0.070688
0.431364,0,0.090685
0.039493,1,0.013300
1.429060,0,1.629809
0.230581,0,0.083511
1.437442,0,1.156732
0.207558,0,0.067796
0.112738,1,0.010531
0.025889,1,0.006273
0.290911,0,0.144614
0.304265,0,0.102032
0.459927,0,0.142894
0.098381,1,0.069603
0.893821,0,0.342483
0.198298,1,0.075012
0.061374,1,0.034072
0.262815,0,0.092824
0.396542,0,0.183339
0.049106,1,0.028326
0.158868,1,0.053264
0.121453,1,0.048511
0.091842,1,0.033662
0.053501,1,0.022286
0.335352,0,0.125633
0.478926,0,0.141206
0.282626,0,0.177302
0.207311,0,0.124641
0.604509,0,0.238474
0.564197,0,0.256701
0.248668,0,0.085556
0.060518,1,0.016456
0.158229,1,0.043344
0.080668,1,0.027866
0.319609,0,0.101330
0.365617,0,0.199130
0.126115,1,0.028427
1.385008,0,3.028590
0.406548,0,0.132195
0.183128,1,0.071589
0.667613,0,0.352730
0.111452,1,0.020633
0.128504,1,0.050563
0.259937,0,0.067707
0.046570,1,0.019942
0.201721,0,0.081813
0.090094,1,0.036150
0.180428,1,0.120323
0.751985,0,0.335100
0.807923,0,0.321255
0.317598,0,0.103472
0.546582,0,0.188841
0.267940,0,0.088238
0.256431,0,0.039237
0.248186,0,0.102764
0.184816,1,0.102860
0.129959,1,0.055145
1.120673,0,0.484660
0.111035,1,0.055168
0.267986,0,0.098105
0.173216,1,0.078698
0.200867,0,0.105927
0.087525,1,0.034978
0.201078,0,0.108156
0.049769,1,0.015719
0.502044,0,0.289405
0.073430,1,0.060342
0.277701,0,0.088960
0.745548,0,0.420661
1.325866,0,2.949872
0.071697,1,0.023546
0.133609,1,0.017454
0.155146,1,0.036454
0.108844,1,0.055455
0.141929,1,0.069950
0.714758,0,0.294801
0.442369,0,0.166556
0.296187,0,0.126002
0.059633,1,0.026146
0.137578,1,0.048323
0.054855,1,0.029565
0.144267,1,0.073821
0.278369,0,0.122734
0.214401,0,0.034396
0.696525,0,0.228690
0.245819,0,0.096332
0.498662,0,0.203003
0.367238,0,0.129458
0.749284,0,0.361359
0.146947,1,0.081508
0.202789,0,0.111297
0.118567,1,0.027113
0.174920,1,0.070999
0.110289,1,0.068862
0.694265,0,0.300831
0.216798,0,0.126273
0.231013,0,0.094096
0.704928,0,0.255866
0.140648,1,0.040271
0.147201,1,0.050092
1.339657,0,1.300489
0.043613,1,0.019623
0.159683,1,0.045989
1.345209,0,0.714535
0.482629,0,0.211230
1.342426,0,1.439526
1.345453,0,1.511089
0.246904,0,0.300528
0.056927,1,0.030205
0.187850,1,0.047141
0.341265,0,0.082465
0.241897,0,0.128933
0.306971,0,0.180934
0.047380,1,0.026422
0.275555,0,0.099459
0.440954,0,0.172250
0.116777,1,0.051471
0.683292,0,0.298858
0.481027,0,0.155665
0.382877,0,0.157251
0.520553,0,0.241839
0.275012,0,0.151012
0.220734,0,0.089122
0.133792,1,0.033266
0.060386,1,0.011207
0.159285,1,0.078597
0.155179,1,0.048171
0.227059,0,0.112714
0.337866,0,0.130029
0.384803,0,0.055812
0.180854,1,0.097836
0.685819,0,0.308382
0.496584,0,0.098776
0.671074,0,0.266496
0.276774,0,0.136728
0.111388,1,0.050030
0.164977,1,0.120048
0.266028,0,0.031326
0.714267,0,0.476518
0.130885,1,0.059682
0.155337,1,0.068278
0.059289,1,0.040261
0.342821,0,0.033586
1.408573,0,2.233740
0.129945,1,0.038739
0.459024,0,0.203286
0.436271,0,0.137521
0.129335,1,0.019744
0.085027,1,0.037439
0.452185,0,0.189291
0.217634,0,0.085796
0.175536,1,0.095457
0.331582,0,0.130654
0.060640,1,0.010234
0.277784,0,0.065457
0.160508,1,0.058264
0.389986,0,0.127640
0.254494,0,0.097648
0.053734,1,0.023055
0.431225,0,0.238572
0.023772,1,0.024124
0.245262,0,0.035870
0.205646,0,0.049889
0.388181,0,0.224821
0.576207,0,0.267881
0.275545,0,0.075587
0.255586,0,0.166835
0.428919,0,0.155989
0.060885,1,0.014855
0.314944,0,0.125205
0.091529,1,0.042323
0.495909,0,0.157456
0.105105,1,0.039017
0.311290,0,0.095516
0.373233,0,0.155332
0.161979,1,0.083603
0.204904,0,0.097541
0.126067,1,0.036908
0.139503,1,0.020597
0.132241,1,0.031995
0.489634,0,0.214650
0.185357,1,0.067703
0.176877,1,0.096790
0.116737,1,0.049106
1.350872,0,1.911767
0.107686,1,0.036747
0.134262,1,0.103344
0.127233,1,0.088943
0.083256,1,0.021816
0.299824,0,0.110512
0.520025,0,0.163241
0.281233,0,0.113748
0.200010,0,0.089144
0.228496,0,0.105271
0.119826,1,0.038084
0.216437,0,0.119054
0.394355,0,0.170496
0.305777,0,0.105566
0.068346,1,0.038626
0.338737,0,0.177455
0.132180,1,0.057437
0.106977,1,0.033822
0.172013,1,0.058927
0.040794,1,0.020375
0.214345,0,0.101744
0.111482,1,0.043830
0.262890,0,0.088703
0.265759,0,0.039381
1.452603,0,1.719223
0.166744,1,0.068652
0.078144,1,0.025889
0.637441,0,0.289109
0.103407,1,0.045511
0.313855,0,0.100950
0.078128,1,0.031302
0.462477,0,0.203984
0.219330,0,0.049236
0.030674,1,0.027023
0.156333,1,0.085707
0.337587,0,0.088267
0.228716,0,0.137867
0.181276,1,0.068005
0.328623,0,0.114290
0.093780,1,0.062469
0.081502,1,0.021589
0.057296,1,0.021415
0.425657,0,0.132328
0.190456,1,0.030419
0.053210,1,0.004547
0.162903,1,0.021889
0.254019,0,0.070841
0.184988,1,0.129652
0.081496,1,0.047753
0.092465,1,0.021930
0.195050,1,0.068139
0.367016,0,0.201338
0.347545,0,0.131429
0.129672,1,0.026093
0.108316,1,0.024468
0.351376,0,0.094325
1.390473,0,1.921246
0.190691,1,0.137861
0.057740,1,0.021093
0.363785,0,0.118154
0.077676,1,0.020995
1.402309,0,1.599447
0.049483,1,0.003909
0.344940,0,0.014834
0.217717,0,0.105702
0.077942,1,0.068932
0.098636,1,0.047246
0.185440,1,0.055354
0.332836,0,0.143487
0.369927,0,0.216237
0.096192,1,0.036643
0.108234,1,0.021371
0.277109,0,0.077511
0.419551,0,0.109537
0.115322,1,0.097060
0.239869,0,0.064791
0.245752,0,0.084025
0.111816,1,0.047966
0.292074,0,0.078154
0.388938,0,0.097932
0.107051,1,0.034338
0.129194,1,0.041092
0.226348,0,0.093679
