idx	env	arm	t	seed	log	cmd
0	cube	mppi_flat_rh2_a100	150	42	logs/rbUd_cube_mppi_flat_rh2_a100_t150_seed42.log	python -m surveyor.envs.cube.eval --solver mppi --subgoal flat --horizon 2 --receding-horizon 2 --num-samples 600 --n-steps 30 --source pretrained --encoder-id quentinll/lewm-cube --h5 "$CUBE_H5" --device cuda --goal-offset 150 --eval-budget 300 --num-eval 128 --seed 42 --cem-seed 42 --episodes-file episodes/cube_c2222.episodes150.json
1	cube	mppi_flat_rh2_a100	150	43	logs/rbUd_cube_mppi_flat_rh2_a100_t150_seed43.log	python -m surveyor.envs.cube.eval --solver mppi --subgoal flat --horizon 2 --receding-horizon 2 --num-samples 600 --n-steps 30 --source pretrained --encoder-id quentinll/lewm-cube --h5 "$CUBE_H5" --device cuda --goal-offset 150 --eval-budget 300 --num-eval 128 --seed 43 --cem-seed 43 --episodes-file episodes/cube_c2222.episodes150.json
2	cube	mppi_flat_rh2_a100	150	44	logs/rbUd_cube_mppi_flat_rh2_a100_t150_seed44.log	python -m surveyor.envs.cube.eval --solver mppi --subgoal flat --horizon 2 --receding-horizon 2 --num-samples 600 --n-steps 30 --source pretrained --encoder-id quentinll/lewm-cube --h5 "$CUBE_H5" --device cuda --goal-offset 150 --eval-budget 300 --num-eval 128 --seed 44 --cem-seed 44 --episodes-file episodes/cube_c2222.episodes150.json
3	cube	mppi_flat_rh2_a100	150	45	logs/rbUd_cube_mppi_flat_rh2_a100_t150_seed45.log	python -m surveyor.envs.cube.eval --solver mppi --subgoal flat --horizon 2 --receding-horizon 2 --num-samples 600 --n-steps 30 --source pretrained --encoder-id quentinll/lewm-cube --h5 "$CUBE_H5" --device cuda --goal-offset 150 --eval-budget 300 --num-eval 128 --seed 45 --cem-seed 45 --episodes-file episodes/cube_c2222.episodes150.json
4	cube	mppi_flat_rh2_a100	150	46	logs/rbUd_cube_mppi_flat_rh2_a100_t150_seed46.log	python -m surveyor.envs.cube.eval --solver mppi --subgoal flat --horizon 2 --receding-horizon 2 --num-samples 600 --n-steps 30 --source pretrained --encoder-id quentinll/lewm-cube --h5 "$CUBE_H5" --device cuda --goal-offset 150 --eval-budget 300 --num-eval 128 --seed 46 --cem-seed 46 --episodes-file episodes/cube_c2222.episodes150.json
5	cube	mppi_flat_rh2_a100	150	47	logs/rbUd_cube_mppi_flat_rh2_a100_t150_seed47.log	python -m surveyor.envs.cube.eval --solver mppi --subgoal flat --horizon 2 --receding-horizon 2 --num-samples 600 --n-steps 30 --source pretrained --encoder-id quentinll/lewm-cube --h5 "$CUBE_H5" --device cuda --goal-offset 150 --eval-budget 300 --num-eval 128 --seed 47 --cem-seed 47 --episodes-file episodes/cube_c2222.episodes150.json
6	cube	mppi_flat_rh2_a100	150	48	logs/rbUd_cube_mppi_flat_rh2_a100_t150_seed48.log	python -m surveyor.envs.cube.eval --solver mppi --subgoal flat --horizon 2 --receding-horizon 2 --num-samples 600 --n-steps 30 --source pretrained --encoder-id quentinll/lewm-cube --h5 "$CUBE_H5" --device cuda --goal-offset 150 --eval-budget 300 --num-eval 128 --seed 48 --cem-seed 48 --episodes-file episodes/cube_c2222.episodes150.json
7	cube	mppi_flat_rh2_a100	150	49	logs/rbUd_cube_mppi_flat_rh2_a100_t150_seed49.log	python -m surveyor.envs.cube.eval --solver mppi --subgoal flat --horizon 2 --receding-horizon 2 --num-samples 600 --n-steps 30 --source pretrained --encoder-id quentinll/lewm-cube --h5 "$CUBE_H5" --device cuda --goal-offset 150 --eval-budget 300 --num-eval 128 --seed 49 --cem-seed 49 --episodes-file episodes/cube_c2222.episodes150.json
8	tworoom	mppi_flat_rh2	75	48	logs/rbUd_tworoom_mppi_flat_rh2_t75_seed48.log	python -m surveyor.envs.tworoom.eval --solver mppi --subgoal flat --receding-horizon 2 --mode long --goal-offset 75 --eval-budget 150 --h5 "$DATA/tworoom.h5" --source pretrained --encoder-id quentinll/lewm-tworooms --device cuda --eval-filter none --episode-min 4000 --goal-from-proprio --num-eval 64 --seed 48 --cem-seed 48
