file,tau,redrafts,advances,rejects,call_ratio
2room_pairbat_2300025_10.log,0.2,378,0,314,1.000
2room_pairbat_2300025_11.log,0.2,379,0,315,1.000
2room_pairbat_2300025_8.log,0.2,124,0,60,1.000
2room_pairbat_2300025_9.log,0.2,123,0,59,1.000
2room_pairbat_2300235_10.log,0.2,299,23,234,0.929
2room_pairbat_2300235_11.log,0.2,320,32,256,0.909
2room_pairbat_2300235_8.log,0.2,98,8,34,0.925
2room_pairbat_2300235_9.log,0.2,106,4,42,0.964
2room_pair_specLeWM_t020_t25_seed42.log,0.2,98,8,34,0.925
2room_pair_specLeWM_t020_t25_seed43.log,0.2,106,4,42,0.964
2room_pair_specLeWM_t020_t75_seed42.log,0.2,299,23,234,0.929
2room_pair_specLeWM_t020_t75_seed43.log,0.2,320,32,256,0.909
2room_rh1_specLeWM_t020_t25_seed42.log,0.2,443,0,379,1.000
2room_rh1_specLeWM_t020_t25_seed43.log,0.2,508,0,444,1.000
2room_rh1_specLeWM_t020_t75_seed42.log,0.2,1707,5,1643,0.997
2room_rh1_specLeWM_t020_t75_seed43.log,0.2,1800,4,1736,0.998
2room_rh2_specLeWM_t020_t25_seed42.log,0.2,234,0,170,1.000
2room_rh2_specLeWM_t020_t25_seed43.log,0.2,269,0,205,1.000
2room_rh2_specLeWM_t020_t75_seed42.log,0.2,816,2,752,0.998
2room_rh2_specLeWM_t020_t75_seed43.log,0.2,864,1,800,0.999
2room_rhmatch_2300331_14.log,0.2,443,0,379,1.000
2room_rhmatch_2300331_15.log,0.2,508,0,444,1.000
2room_rhmatch_2300331_20.log,0.2,234,0,170,1.000
2room_rhmatch_2300331_21.log,0.2,269,0,205,1.000
2room_rhmatch_2300331_2.log,0.2,1707,5,1643,0.997
2room_rhmatch_2300331_3.log,0.2,1800,4,1736,0.998
2room_rhmatch_2300331_8.log,0.2,816,2,752,0.998
2room_rhmatch_2300331_9.log,0.2,864,1,800,0.999
cube_arm_s10spec_seed42.log,0.2,2157,759,1928,0.740
cube_arm_s10spec_seed43.log,0.2,2294,853,2045,0.729
cube_arm_s10spec_seed44.log,0.2,2084,757,1849,0.734
cube_arm_s10spec_seed45.log,0.2,2115,730,1894,0.743
cube_armsjob_2272378_4.log,0.2,2157,759,1928,0.740
cube_armsjob_2272378_5.log,0.2,2294,853,2045,0.729
cube_armsjob_2272378_6.log,0.2,2084,757,1849,0.734
cube_armsjob_2272378_7.log,0.2,2115,730,1894,0.743
cube_batt2job_2272298_20.log,0.2,463,158,319,0.746
cube_batt2job_2272298_21.log,0.2,468,163,317,0.742
cube_batt2job_2272298_22.log,0.2,950,273,786,0.777
cube_batt2job_2272298_23.log,0.2,1007,250,847,0.801
cube_batt2job_2272298_24.log,0.2,1397,460,1201,0.752
cube_batt2job_2272298_25.log,0.2,1474,408,1288,0.783
cube_batt2job_2272298_26.log,0.2,1897,637,1688,0.749
cube_batt2job_2272298_27.log,0.2,1899,626,1691,0.752
cube_batt2job_2272298_28.log,0.2,2739,913,2489,0.750
cube_batt2job_2272298_29.log,0.2,2865,885,2624,0.764
cube_batteryjob_2272069_20.log,0.4,128,0,0,1.000
cube_batteryjob_2272069_21.log,0.4,128,0,0,1.000
cube_batteryjob_2272069_22.log,0.4,192,47,56,0.803
cube_batteryjob_2272069_23.log,0.4,205,55,65,0.788
cube_batteryjob_2272069_24.log,0.4,377,220,190,0.631
cube_batteryjob_2272069_25.log,0.4,380,240,198,0.613
cube_batteryjob_2272069_26.log,0.4,128,0,0,1.000
cube_batteryjob_2272069_27.log,0.4,128,0,0,1.000
cube_batteryjob_2272069_28.log,0.4,1636,1471,1168,0.527
cube_batteryjob_2272069_29.log,0.4,1605,1363,1152,0.541
cube_finaljob_2272510_10.log,0.2,2179,740,1962,0.746
cube_finaljob_2272510_11.log,0.2,2235,700,2026,0.761
cube_finaljob_2272510_8.log,0.2,2178,707,1961,0.755
cube_finaljob_2272510_9.log,0.2,2186,764,1960,0.741
cubeF_s10spec_seed42.log,0.2,2178,707,1961,0.755
cubeF_s10spec_seed43.log,0.2,2186,764,1960,0.741
cubeF_s10spec_seed44.log,0.2,2179,740,1962,0.746
cubeF_s10spec_seed45.log,0.2,2235,700,2026,0.761
cubeG_2273854_0.log,0.2,720,139,310,0.838
cubeG_2273854_10.log,0.2,577,197,408,0.745
cubeG_2273854_11.log,0.2,575,201,417,0.741
cubeG_2273854_12.log,0.2,873,185,556,0.825
cubeG_2273854_13.log,0.2,940,172,619,0.845
cubeG_2273854_14.log,0.2,948,182,579,0.839
cubeG_2273854_15.log,0.2,843,128,562,0.868
cubeG_2273854_16.log,0.2,956,241,823,0.799
cubeG_2273854_17.log,0.2,1076,271,924,0.799
cubeG_2273854_18.log,0.2,1054,248,905,0.810
cubeG_2273854_19.log,0.2,998,353,841,0.739
cubeG_2273854_1.log,0.2,694,120,273,0.853
cubeG_2273854_2.log,0.2,812,146,306,0.848
cubeG_2273854_3.log,0.2,881,138,354,0.865
cubeG_2273854_4.log,0.2,1034,25,906,0.976
cubeG_2273854_5.log,0.2,1086,28,957,0.975
cubeG_2273854_6.log,0.2,1091,24,963,0.978
cubeG_2273854_7.log,0.2,938,23,806,0.976
cubeG_2273854_8.log,0.2,577,212,425,0.731
cubeG_2273854_9.log,0.2,615,216,469,0.740
cubeG_gc15_gate_seed42.log,0.2,577,212,425,0.731
cubeG_gc15_gate_seed43.log,0.2,615,216,469,0.740
cubeG_gc15_gate_seed44.log,0.2,577,197,408,0.745
cubeG_gc15_gate_seed45.log,0.2,575,201,417,0.741
cubeG_gc15_nogate_seed42.log,0.2,1034,25,906,0.976
cubeG_gc15_nogate_seed43.log,0.2,1086,28,957,0.975
cubeG_gc15_nogate_seed44.log,0.2,1091,24,963,0.978
cubeG_gc15_nogate_seed45.log,0.2,938,23,806,0.976
cubeG_gc25_gate_seed42.log,0.2,956,241,823,0.799
cubeG_gc25_gate_seed43.log,0.2,1076,271,924,0.799
cubeG_gc25_gate_seed44.log,0.2,1054,248,905,0.810
cubeG_gc25_gate_seed45.log,0.2,998,353,841,0.739
cubeG_gc5_gate_seed42.log,0.2,873,185,556,0.825
cubeG_gc5_gate_seed43.log,0.2,940,172,619,0.845
cubeG_gc5_gate_seed44.log,0.2,948,182,579,0.839
cubeG_gc5_gate_seed45.log,0.2,843,128,562,0.868
cubeG_gff10_gate_seed42.log,0.2,720,139,310,0.838
cubeG_gff10_gate_seed43.log,0.2,694,120,273,0.853
cubeG_gff10_gate_seed44.log,0.2,812,146,306,0.848
cubeG_gff10_gate_seed45.log,0.2,881,138,354,0.865
cubeK3C_2276035_0.log,0.2,862,145,684,0.856
cubeK3C_2276035_1.log,0.2,1002,165,831,0.859
cubeK3C_2276035_2.log,0.2,960,126,753,0.884
cubeK3C_2276035_3.log,0.2,820,82,623,0.909
cubeK3C_2276035_4.log,0.2,686,88,533,0.886
cubeK3C_2276035_5.log,0.2,825,91,655,0.901
cubeK3C_2276035_6.log,0.2,739,104,558,0.877
cubeK3C_2276035_7.log,0.2,839,103,641,0.891
cubeK3C_speck3_seed50.log,0.2,862,145,684,0.856
cubeK3C_speck3_seed51.log,0.2,1002,165,831,0.859
cubeK3C_speck3_seed52.log,0.2,960,126,753,0.884
cubeK3C_speck3_seed53.log,0.2,820,82,623,0.909
cubeK3C_speck3_seed54.log,0.2,686,88,533,0.886
cubeK3C_speck3_seed55.log,0.2,825,91,655,0.901
cubeK3C_speck3_seed56.log,0.2,739,104,558,0.877
cubeK3C_speck3_seed57.log,0.2,839,103,641,0.891
cube_s10spec_t100_seed42.log,0.4,128,0,0,1.000
cube_s10spec_t100_seed43.log,0.4,128,0,0,1.000
cube_s10spec_t150_seed42.log,0.4,1636,1471,1168,0.527
cube_s10spec_t150_seed43.log,0.4,1605,1363,1152,0.541
cube_s10spec_t25_seed42.log,0.4,128,0,0,1.000
cube_s10spec_t25_seed43.log,0.4,128,0,0,1.000
cube_s10spec_t50_seed42.log,0.4,192,47,56,0.803
cube_s10spec_t50_seed43.log,0.4,205,55,65,0.788
cube_s10spec_t75_seed42.log,0.4,377,220,190,0.631
cube_s10spec_t75_seed43.log,0.4,380,240,198,0.613
cubeTG_2298750_0.log,0.286,859,71,729,0.924
cubeTG_2298750_1.log,0.286,967,33,839,0.967
cubeTG_2298750_2.log,0.286,961,81,826,0.922
cubeTG_2298750_3.log,0.286,1030,45,898,0.958
cubeTG_2298750_4.log,0.286,1223,79,1088,0.939
cubeTG_2298750_5.log,0.286,1395,93,1263,0.938
cubeTG_2298750_6.log,0.286,905,57,775,0.941
cubeTG_2298750_7.log,0.286,1262,87,1127,0.936
cubeTG_taugap_seed42.log,0.286,859,71,729,0.924
cubeTG_taugap_seed43.log,0.286,967,33,839,0.967
cubeTG_taugap_seed44.log,0.286,961,81,826,0.922
cubeTG_taugap_seed45.log,0.286,1030,45,898,0.958
cubeTG_taugap_seed46.log,0.286,1223,79,1088,0.939
cubeTG_taugap_seed47.log,0.286,1395,93,1263,0.938
cubeTG_taugap_seed48.log,0.286,905,57,775,0.941
cubeTG_taugap_seed49.log,0.286,1262,87,1127,0.936
cubev2_s10spec_t100_seed42.log,0.2,1897,637,1688,0.749
cubev2_s10spec_t100_seed43.log,0.2,1899,626,1691,0.752
cubev2_s10spec_t150_seed42.log,0.2,2739,913,2489,0.750
cubev2_s10spec_t150_seed43.log,0.2,2865,885,2624,0.764
cubev2_s10spec_t25_seed42.log,0.2,463,158,319,0.746
cubev2_s10spec_t25_seed43.log,0.2,468,163,317,0.742
cubev2_s10spec_t50_seed42.log,0.2,950,273,786,0.777
cubev2_s10spec_t50_seed43.log,0.2,1007,250,847,0.801
cubev2_s10spec_t75_seed42.log,0.2,1397,460,1201,0.752
cubev2_s10spec_t75_seed43.log,0.2,1474,408,1288,0.783
cubeX10_2274073_0.log,0.2,529,70,339,0.883
cubeX10_2274073_10.log,0.2,806,103,637,0.887
cubeX10_2274073_11.log,0.2,718,84,560,0.895
cubeX10_2274073_12.log,0.15,580,52,342,0.918
cubeX10_2274073_13.log,0.15,600,83,367,0.878
cubeX10_2274073_14.log,0.15,708,105,464,0.871
cubeX10_2274073_15.log,0.15,613,86,377,0.877
cubeX10_2274073_16.log,0.3,582,118,350,0.831
cubeX10_2274073_17.log,0.3,622,158,389,0.797
cubeX10_2274073_18.log,0.3,686,148,420,0.823
cubeX10_2274073_19.log,0.3,579,146,311,0.799
cubeX10_2274073_1.log,0.2,495,66,325,0.882
cubeX10_2274073_20.log,0.2,563,74,306,0.884
cubeX10_2274073_21.log,0.2,727,104,479,0.875
cubeX10_2274073_22.log,0.2,825,119,514,0.874
cubeX10_2274073_23.log,0.2,667,114,411,0.854
cubeX10_2274073_2.log,0.2,470,62,297,0.883
cubeX10_2274073_3.log,0.2,440,32,263,0.932
cubeX10_2274073_4.log,0.2,691,73,519,0.904
cubeX10_2274073_5.log,0.2,672,111,476,0.858
cubeX10_2274073_6.log,0.2,803,127,595,0.863
cubeX10_2274073_7.log,0.2,726,92,501,0.888
cubeX10_2274073_8.log,0.2,793,86,629,0.902
cubeX10_2274073_9.log,0.2,678,79,524,0.896
cubeX10_k3_seed42.log,0.2,793,86,629,0.902
cubeX10_k3_seed43.log,0.2,678,79,524,0.896
cubeX10_k3_seed44.log,0.2,806,103,637,0.887
cubeX10_k3_seed45.log,0.2,718,84,560,0.895
cubeX10_k4_seed42.log,0.2,691,73,519,0.904
cubeX10_k4_seed43.log,0.2,672,111,476,0.858
cubeX10_k4_seed44.log,0.2,803,127,595,0.863
cubeX10_k4_seed45.log,0.2,726,92,501,0.888
cubeX10_rh5_seed42.log,0.2,529,70,339,0.883
cubeX10_rh5_seed43.log,0.2,495,66,325,0.882
cubeX10_rh5_seed44.log,0.2,470,62,297,0.883
cubeX10_rh5_seed45.log,0.2,440,32,263,0.932
cubeX10_s4649_seed46.log,0.2,563,74,306,0.884
cubeX10_s4649_seed47.log,0.2,727,104,479,0.875
cubeX10_s4649_seed48.log,0.2,825,119,514,0.874
cubeX10_s4649_seed49.log,0.2,667,114,411,0.854
cubeX10_t15_seed42.log,0.15,580,52,342,0.918
cubeX10_t15_seed43.log,0.15,600,83,367,0.878
cubeX10_t15_seed44.log,0.15,708,105,464,0.871
cubeX10_t15_seed45.log,0.15,613,86,377,0.877
cubeX10_t30_seed42.log,0.3,582,118,350,0.831
cubeX10_t30_seed43.log,0.3,622,158,389,0.797
cubeX10_t30_seed44.log,0.3,686,148,420,0.823
cubeX10_t30_seed45.log,0.3,579,146,311,0.799
cubeX_2274057_0.log,0.2,610,64,359,0.905
cubeX_2274057_1.log,0.2,565,90,342,0.863
cubeX_2274057_2.log,0.2,695,121,430,0.852
cubeX_2274057_3.log,0.2,623,97,348,0.865
cubeX_2274057_4.log,0.2,449,86,314,0.839
cubeX_2274057_5.log,0.2,439,94,307,0.824
cubeX_2274057_6.log,0.2,423,103,292,0.804
cubeX_2274057_7.log,0.2,367,79,236,0.823
cubeX_gc10_gate_seed42.log,0.2,610,64,359,0.905
cubeX_gc10_gate_seed43.log,0.2,565,90,342,0.863
cubeX_gc10_gate_seed44.log,0.2,695,121,430,0.852
cubeX_gc10_gate_seed45.log,0.2,623,97,348,0.865
cubeX_gc15_rh5_seed42.log,0.2,449,86,314,0.839
cubeX_gc15_rh5_seed43.log,0.2,439,94,307,0.824
cubeX_gc15_rh5_seed44.log,0.2,423,103,292,0.804
cubeX_gc15_rh5_seed45.log,0.2,367,79,236,0.823
dwm_bat15_2299902_4.log,0.121,100,0,50,2.000
dwm_bat15_2299902_4.log,0.121,149,1,99,1.490
dwm_bat15_2299902_5.log,0.121,100,0,50,2.000
dwm_bat15_2299902_5.log,0.121,149,1,99,1.490
dwm_bat15_2299902_6.log,0.121,100,0,50,2.000
dwm_bat15_2299902_6.log,0.121,150,0,100,1.500
dwm_bat15_2299902_7.log,0.121,100,0,50,2.000
dwm_bat15_2299902_7.log,0.121,149,1,99,1.490
dwm_bat15_h15_spec_s100.log,0.121,100,0,50,2.000
dwm_bat15_h15_spec_s100.log,0.121,149,1,99,1.490
dwm_bat15_h15_spec_s101.log,0.121,100,0,50,2.000
dwm_bat15_h15_spec_s101.log,0.121,150,0,100,1.500
dwm_bat15_h15_spec_s102.log,0.121,100,0,50,2.000
dwm_bat15_h15_spec_s102.log,0.121,149,1,99,1.490
dwm_bat15_h15_spec_s99.log,0.121,100,0,50,2.000
dwm_bat15_h15_spec_s99.log,0.121,149,1,99,1.490
dwm_gatetest_2301459_2.log,0.121,40,0,20,2.000
dwm_gatetest_2301459_2.log,0.121,59,1,39,1.475
dwm_gatetest_2301459_2.log,0.121,79,1,59,1.317
dwm_gatetest_2301459_2.log,0.121,99,1,79,1.238
dwm_gatetest_2301459_2.log,0.121,119,1,99,1.190
dwm_gatetest_2301459_2.log,0.121,139,1,119,1.158
dwm_gatetest_2301459_2.log,0.121,158,2,138,1.129
dwm_gatetest_2301459_2.log,0.121,178,2,158,1.113
dwm_gatetest_2301459_2.log,0.121,198,2,178,1.100
dwm_gatetest_2301459_2.log,0.121,218,2,198,1.090
dwm_gatetest_2301459_2.log,0.121,238,2,218,1.082
dwm_gatetest_2301459_2.log,0.121,257,3,237,1.071
dwm_gatetest_2301459_2.log,0.121,257,3,237,1.071
dwm_gatetest_2301459_3.log,0.121,40,0,20,2.000
dwm_gatetest_2301459_3.log,0.121,60,0,40,1.500
dwm_gatetest_2301459_3.log,0.121,80,0,60,1.333
dwm_gatetest_2301459_3.log,0.121,100,0,80,1.250
dwm_gatetest_2301459_3.log,0.121,120,0,100,1.200
dwm_gatetest_2301459_3.log,0.121,140,0,120,1.167
dwm_gatetest_2301459_3.log,0.121,160,0,140,1.143
dwm_gatetest_2301459_3.log,0.121,180,0,160,1.125
dwm_gatetest_2301459_3.log,0.121,198,2,178,1.100
dwm_gatetest_2301459_3.log,0.121,218,2,198,1.090
dwm_gatetest_2301459_3.log,0.121,237,3,217,1.077
dwm_gatetest_2301459_3.log,0.121,257,3,237,1.071
dwm_gatetest_2301459_3.log,0.121,257,3,237,1.071
dwm_gatetest_2301459_4.log,0.121,40,0,20,2.000
dwm_gatetest_2301459_4.log,0.121,58,1,38,1.450
dwm_gatetest_2301459_4.log,0.121,76,1,56,1.267
dwm_gatetest_2301459_4.log,0.121,93,2,73,1.163
dwm_gatetest_2301459_4.log,0.121,111,2,91,1.110
dwm_gatetest_2301459_4.log,0.121,127,4,107,1.058
dwm_gatetest_2301459_4.log,0.121,144,5,124,1.029
dwm_gatetest_2301459_4.log,0.121,162,5,142,1.012
dwm_gatetest_2301459_4.log,0.121,180,5,160,1.000
dwm_gatetest_2301459_4.log,0.121,196,7,176,0.980
dwm_gatetest_2301459_4.log,0.121,213,8,193,0.968
dwm_gatetest_2301459_4.log,0.121,231,8,211,0.963
dwm_gatetest_2301459_4.log,0.121,231,8,211,0.963
dwm_gatetest_2301459_5.log,0.121,40,0,20,2.000
dwm_gatetest_2301459_5.log,0.121,59,0,39,1.475
dwm_gatetest_2301459_5.log,0.121,78,0,58,1.300
dwm_gatetest_2301459_5.log,0.121,96,1,76,1.200
dwm_gatetest_2301459_5.log,0.121,115,1,95,1.150
dwm_gatetest_2301459_5.log,0.121,134,1,114,1.117
dwm_gatetest_2301459_5.log,0.121,153,1,133,1.093
dwm_gatetest_2301459_5.log,0.121,172,1,152,1.075
dwm_gatetest_2301459_5.log,0.121,191,1,171,1.061
dwm_gatetest_2301459_5.log,0.121,210,1,190,1.050
dwm_gatetest_2301459_5.log,0.121,229,1,209,1.041
dwm_gatetest_2301459_5.log,0.121,248,1,228,1.033
dwm_gatetest_2301459_5.log,0.121,248,1,228,1.033
dwm_gatetest_spec_gate_s100.log,0.121,40,0,20,2.000
dwm_gatetest_spec_gate_s100.log,0.121,59,0,39,1.475
dwm_gatetest_spec_gate_s100.log,0.121,78,0,58,1.300
dwm_gatetest_spec_gate_s100.log,0.121,96,1,76,1.200
dwm_gatetest_spec_gate_s100.log,0.121,115,1,95,1.150
dwm_gatetest_spec_gate_s100.log,0.121,134,1,114,1.117
dwm_gatetest_spec_gate_s100.log,0.121,153,1,133,1.093
dwm_gatetest_spec_gate_s100.log,0.121,172,1,152,1.075
dwm_gatetest_spec_gate_s100.log,0.121,191,1,171,1.061
dwm_gatetest_spec_gate_s100.log,0.121,210,1,190,1.050
dwm_gatetest_spec_gate_s100.log,0.121,229,1,209,1.041
dwm_gatetest_spec_gate_s100.log,0.121,248,1,228,1.033
dwm_gatetest_spec_gate_s100.log,0.121,248,1,228,1.033
dwm_gatetest_spec_gate_s99.log,0.121,40,0,20,2.000
dwm_gatetest_spec_gate_s99.log,0.121,58,1,38,1.450
dwm_gatetest_spec_gate_s99.log,0.121,76,1,56,1.267
dwm_gatetest_spec_gate_s99.log,0.121,93,2,73,1.163
dwm_gatetest_spec_gate_s99.log,0.121,111,2,91,1.110
dwm_gatetest_spec_gate_s99.log,0.121,127,4,107,1.058
dwm_gatetest_spec_gate_s99.log,0.121,144,5,124,1.029
dwm_gatetest_spec_gate_s99.log,0.121,162,5,142,1.012
dwm_gatetest_spec_gate_s99.log,0.121,180,5,160,1.000
dwm_gatetest_spec_gate_s99.log,0.121,196,7,176,0.980
dwm_gatetest_spec_gate_s99.log,0.121,213,8,193,0.968
dwm_gatetest_spec_gate_s99.log,0.121,231,8,211,0.963
dwm_gatetest_spec_gate_s99.log,0.121,231,8,211,0.963
dwm_gatetest_spec_nogate_s100.log,0.121,40,0,20,2.000
dwm_gatetest_spec_nogate_s100.log,0.121,60,0,40,1.500
dwm_gatetest_spec_nogate_s100.log,0.121,80,0,60,1.333
dwm_gatetest_spec_nogate_s100.log,0.121,100,0,80,1.250
dwm_gatetest_spec_nogate_s100.log,0.121,120,0,100,1.200
dwm_gatetest_spec_nogate_s100.log,0.121,140,0,120,1.167
dwm_gatetest_spec_nogate_s100.log,0.121,160,0,140,1.143
dwm_gatetest_spec_nogate_s100.log,0.121,180,0,160,1.125
dwm_gatetest_spec_nogate_s100.log,0.121,198,2,178,1.100
dwm_gatetest_spec_nogate_s100.log,0.121,218,2,198,1.090
dwm_gatetest_spec_nogate_s100.log,0.121,237,3,217,1.077
dwm_gatetest_spec_nogate_s100.log,0.121,257,3,237,1.071
dwm_gatetest_spec_nogate_s100.log,0.121,257,3,237,1.071
dwm_gatetest_spec_nogate_s99.log,0.121,40,0,20,2.000
dwm_gatetest_spec_nogate_s99.log,0.121,59,1,39,1.475
dwm_gatetest_spec_nogate_s99.log,0.121,79,1,59,1.317
dwm_gatetest_spec_nogate_s99.log,0.121,99,1,79,1.238
dwm_gatetest_spec_nogate_s99.log,0.121,119,1,99,1.190
dwm_gatetest_spec_nogate_s99.log,0.121,139,1,119,1.158
dwm_gatetest_spec_nogate_s99.log,0.121,158,2,138,1.129
dwm_gatetest_spec_nogate_s99.log,0.121,178,2,158,1.113
dwm_gatetest_spec_nogate_s99.log,0.121,198,2,178,1.100
dwm_gatetest_spec_nogate_s99.log,0.121,218,2,198,1.090
dwm_gatetest_spec_nogate_s99.log,0.121,238,2,218,1.082
dwm_gatetest_spec_nogate_s99.log,0.121,257,3,237,1.071
dwm_gatetest_spec_nogate_s99.log,0.121,257,3,237,1.071
dwm_specsmoke_2299660.log,0.121,14,0,12,1.167
dwm_wallbat2_2300262_4.log,0.2,250,599,1,0.417
dwm_wallbat2_2300262_5.log,0.2,256,589,11,0.427
dwm_wallbat2_2300262_6.log,0.2,250,600,0,0.417
dwm_wallbat2_2300262_7.log,0.2,257,588,12,0.428
dwm_wallbat2_spec_t020_s100.log,0.2,256,589,11,0.427
dwm_wallbat2_spec_t020_s101.log,0.2,250,600,0,0.417
dwm_wallbat2_spec_t020_s102.log,0.2,257,588,12,0.428
dwm_wallbat2_spec_t020_s99.log,0.2,250,599,1,0.417
gatev3_confirm_2272817_32.log,0.2,328,165,176,0.665
gatev3_confirm_2272817_33.log,0.2,319,165,174,0.659
gatev3_confirm_2272817_34.log,0.2,322,161,182,0.667
gatev3_confirm_2272817_35.log,0.2,317,179,169,0.639
gatev3_confirm_2272817_36.log,0.2,443,265,267,0.626
gatev3_confirm_2272817_37.log,0.2,409,256,242,0.615
gatev3_confirm_2272817_38.log,0.2,447,267,270,0.626
gatev3_confirm_2272817_39.log,0.2,481,282,296,0.630
gatev3_confirm_2272817_40.log,0.2,742,426,534,0.635
gatev3_confirm_2272817_41.log,0.2,646,377,443,0.631
gatev3_confirm_2272817_42.log,0.2,734,439,530,0.626
gatev3_confirm_2272817_43.log,0.2,710,433,497,0.621
gatev3_confirm_2272817_44.log,0.2,879,542,660,0.619
gatev3_confirm_2272817_45.log,0.2,859,539,627,0.614
gatev3_confirm_2272817_46.log,0.2,930,560,699,0.624
gatev3_confirm_2272817_47.log,0.2,849,464,635,0.647
gatev3_spec_t100_seed42.log,0.2,742,426,534,0.635
gatev3_spec_t100_seed43.log,0.2,646,377,443,0.631
gatev3_spec_t100_seed44.log,0.2,734,439,530,0.626
gatev3_spec_t100_seed45.log,0.2,710,433,497,0.621
gatev3_spec_t150_seed42.log,0.2,879,542,660,0.619
gatev3_spec_t150_seed43.log,0.2,859,539,627,0.614
gatev3_spec_t150_seed44.log,0.2,930,560,699,0.624
gatev3_spec_t150_seed45.log,0.2,849,464,635,0.647
gatev3_spec_t25_seed42.log,0.2,328,165,176,0.665
gatev3_spec_t25_seed43.log,0.2,319,165,174,0.659
gatev3_spec_t25_seed44.log,0.2,322,161,182,0.667
gatev3_spec_t25_seed45.log,0.2,317,179,169,0.639
gatev3_spec_t50_seed42.log,0.2,443,265,267,0.626
gatev3_spec_t50_seed43.log,0.2,409,256,242,0.615
gatev3_spec_t50_seed44.log,0.2,447,267,270,0.626
gatev3_spec_t50_seed45.log,0.2,481,282,296,0.630
gatev4c_eval_2276034_32.log,0.2,327,160,182,0.671
gatev4c_eval_2276034_33.log,0.2,301,158,147,0.656
gatev4c_eval_2276034_34.log,0.2,314,153,167,0.672
gatev4c_eval_2276034_35.log,0.2,313,148,164,0.679
gatev4c_eval_2276034_36.log,0.2,532,313,358,0.630
gatev4c_eval_2276034_37.log,0.2,495,320,310,0.607
gatev4c_eval_2276034_38.log,0.2,509,295,327,0.633
gatev4c_eval_2276034_39.log,0.2,470,262,292,0.642
gatev4c_eval_2276034_40.log,0.2,743,454,534,0.621
gatev4c_eval_2276034_41.log,0.2,736,492,514,0.599
gatev4c_eval_2276034_42.log,0.2,733,468,525,0.610
gatev4c_eval_2276034_43.log,0.2,780,459,556,0.630
gatev4c_eval_2276034_44.log,0.2,856,555,625,0.607
gatev4c_eval_2276034_45.log,0.2,851,539,608,0.612
gatev4c_eval_2276034_46.log,0.2,842,532,617,0.613
gatev4c_eval_2276034_47.log,0.2,905,587,662,0.607
gatev4c_eval_2276034_80.log,0.2,3,1,2,0.750
gatev4c_eval_2276034_81.log,0.2,4,1,3,0.800
gatev4c_eval_2276034_82.log,0.2,4,1,3,0.800
gatev4c_eval_2276034_83.log,0.2,5,0,4,1.000
gatev4c_eval_2276034_84.log,0.2,45,18,36,0.714
gatev4c_eval_2276034_85.log,0.2,41,19,33,0.683
gatev4c_eval_2276034_86.log,0.2,37,18,26,0.673
gatev4c_eval_2276034_87.log,0.2,40,13,30,0.755
gatev4c_eval_2276034_88.log,0.2,283,156,228,0.645
gatev4c_eval_2276034_89.log,0.2,269,143,215,0.653
gatev4c_eval_2276034_90.log,0.2,243,145,195,0.626
gatev4c_eval_2276034_91.log,0.2,266,137,207,0.660
gatev4c_eval_2276034_92.log,0.2,367,224,290,0.621
gatev4c_eval_2276034_93.log,0.2,344,223,266,0.607
gatev4c_eval_2276034_94.log,0.2,357,222,282,0.617
gatev4c_eval_2276034_95.log,0.2,339,198,270,0.631
gatev4c_r_spec_t100_seed42.log,0.2,283,156,228,0.645
gatev4c_r_spec_t100_seed43.log,0.2,269,143,215,0.653
gatev4c_r_spec_t100_seed44.log,0.2,243,145,195,0.626
gatev4c_r_spec_t100_seed45.log,0.2,266,137,207,0.660
gatev4c_r_spec_t150_seed42.log,0.2,367,224,290,0.621
gatev4c_r_spec_t150_seed43.log,0.2,344,223,266,0.607
gatev4c_r_spec_t150_seed44.log,0.2,357,222,282,0.617
gatev4c_r_spec_t150_seed45.log,0.2,339,198,270,0.631
gatev4c_r_spec_t25_seed42.log,0.2,3,1,2,0.750
gatev4c_r_spec_t25_seed43.log,0.2,4,1,3,0.800
gatev4c_r_spec_t25_seed44.log,0.2,4,1,3,0.800
gatev4c_r_spec_t25_seed45.log,0.2,5,0,4,1.000
gatev4c_r_spec_t50_seed42.log,0.2,45,18,36,0.714
gatev4c_r_spec_t50_seed43.log,0.2,41,19,33,0.683
gatev4c_r_spec_t50_seed44.log,0.2,37,18,26,0.673
gatev4c_r_spec_t50_seed45.log,0.2,40,13,30,0.755
gatev4c_spec_t100_seed42.log,0.2,743,454,534,0.621
gatev4c_spec_t100_seed43.log,0.2,736,492,514,0.599
gatev4c_spec_t100_seed44.log,0.2,733,468,525,0.610
gatev4c_spec_t100_seed45.log,0.2,780,459,556,0.630
gatev4c_spec_t150_seed42.log,0.2,856,555,625,0.607
gatev4c_spec_t150_seed43.log,0.2,851,539,608,0.612
gatev4c_spec_t150_seed44.log,0.2,842,532,617,0.613
gatev4c_spec_t150_seed45.log,0.2,905,587,662,0.607
gatev4c_spec_t25_seed42.log,0.2,327,160,182,0.671
gatev4c_spec_t25_seed43.log,0.2,301,158,147,0.656
gatev4c_spec_t25_seed44.log,0.2,314,153,167,0.672
gatev4c_spec_t25_seed45.log,0.2,313,148,164,0.679
gatev4c_spec_t50_seed42.log,0.2,532,313,358,0.630
gatev4c_spec_t50_seed43.log,0.2,495,320,310,0.607
gatev4c_spec_t50_seed44.log,0.2,509,295,327,0.633
gatev4c_spec_t50_seed45.log,0.2,470,262,292,0.642
gatev4_eval_2274091_32.log,0.2,327,161,176,0.670
gatev4_eval_2274091_33.log,0.2,307,170,151,0.644
gatev4_eval_2274091_34.log,0.2,320,159,168,0.668
gatev4_eval_2274091_35.log,0.2,325,171,170,0.655
gatev4_eval_2274091_36.log,0.2,456,259,296,0.638
gatev4_eval_2274091_37.log,0.2,470,308,284,0.604
gatev4_eval_2274091_38.log,0.2,483,282,310,0.631
gatev4_eval_2274091_39.log,0.2,459,298,274,0.606
gatev4_eval_2274091_40.log,0.2,725,447,508,0.619
gatev4_eval_2274091_41.log,0.2,662,437,455,0.602
gatev4_eval_2274091_42.log,0.2,681,418,469,0.620
gatev4_eval_2274091_43.log,0.2,619,339,431,0.646
gatev4_eval_2274091_44.log,0.2,782,511,546,0.605
gatev4_eval_2274091_45.log,0.2,744,466,523,0.615
gatev4_eval_2274091_46.log,0.2,757,467,547,0.618
gatev4_eval_2274091_47.log,0.2,763,438,568,0.635
gatev4_eval_2274091_80.log,0.2,4,0,3,1.000
gatev4_eval_2274091_81.log,0.2,4,1,3,0.800
gatev4_eval_2274091_82.log,0.2,4,0,3,1.000
gatev4_eval_2274091_83.log,0.2,5,0,4,1.000
gatev4_eval_2274091_84.log,0.2,25,5,21,0.833
gatev4_eval_2274091_85.log,0.2,20,8,16,0.714
gatev4_eval_2274091_86.log,0.2,24,6,19,0.800
gatev4_eval_2274091_87.log,0.2,20,12,15,0.625
gatev4_eval_2274091_88.log,0.2,196,96,166,0.671
gatev4_eval_2274091_89.log,0.2,166,106,122,0.610
gatev4_eval_2274091_90.log,0.2,192,93,157,0.674
gatev4_eval_2274091_91.log,0.2,179,101,149,0.639
gatev4_eval_2274091_92.log,0.2,346,184,280,0.653
gatev4_eval_2274091_93.log,0.2,307,166,248,0.649
gatev4_eval_2274091_94.log,0.2,254,136,198,0.651
gatev4_eval_2274091_95.log,0.2,306,149,251,0.673
gatev4_r_spec_t100_seed42.log,0.2,196,96,166,0.671
gatev4_r_spec_t100_seed43.log,0.2,166,106,122,0.610
gatev4_r_spec_t100_seed44.log,0.2,192,93,157,0.674
gatev4_r_spec_t100_seed45.log,0.2,179,101,149,0.639
gatev4_r_spec_t150_seed42.log,0.2,346,184,280,0.653
gatev4_r_spec_t150_seed43.log,0.2,307,166,248,0.649
gatev4_r_spec_t150_seed44.log,0.2,254,136,198,0.651
gatev4_r_spec_t150_seed45.log,0.2,306,149,251,0.673
gatev4_r_spec_t25_seed42.log,0.2,4,0,3,1.000
gatev4_r_spec_t25_seed43.log,0.2,4,1,3,0.800
gatev4_r_spec_t25_seed44.log,0.2,4,0,3,1.000
gatev4_r_spec_t25_seed45.log,0.2,5,0,4,1.000
gatev4_r_spec_t50_seed42.log,0.2,25,5,21,0.833
gatev4_r_spec_t50_seed43.log,0.2,20,8,16,0.714
gatev4_r_spec_t50_seed44.log,0.2,24,6,19,0.800
gatev4_r_spec_t50_seed45.log,0.2,20,12,15,0.625
gatev4_spec_t100_seed42.log,0.2,725,447,508,0.619
gatev4_spec_t100_seed43.log,0.2,662,437,455,0.602
gatev4_spec_t100_seed44.log,0.2,681,418,469,0.620
gatev4_spec_t100_seed45.log,0.2,619,339,431,0.646
gatev4_spec_t150_seed42.log,0.2,782,511,546,0.605
gatev4_spec_t150_seed43.log,0.2,744,466,523,0.615
gatev4_spec_t150_seed44.log,0.2,757,467,547,0.618
gatev4_spec_t150_seed45.log,0.2,763,438,568,0.635
gatev4_spec_t25_seed42.log,0.2,327,161,176,0.670
gatev4_spec_t25_seed43.log,0.2,307,170,151,0.644
gatev4_spec_t25_seed44.log,0.2,320,159,168,0.668
gatev4_spec_t25_seed45.log,0.2,325,171,170,0.655
gatev4_spec_t50_seed42.log,0.2,456,259,296,0.638
gatev4_spec_t50_seed43.log,0.2,470,308,284,0.604
gatev4_spec_t50_seed44.log,0.2,483,282,310,0.631
gatev4_spec_t50_seed45.log,0.2,459,298,274,0.606
gspec_2274180_0.log,0.2,220,47,81,0.824
gspec_2274180_10.log,0.2,410,93,171,0.815
gspec_2274180_11.log,0.2,447,99,186,0.819
gspec_2274180_12.log,0.2,614,174,292,0.779
gspec_2274180_13.log,0.2,646,177,303,0.785
gspec_2274180_14.log,0.2,592,144,269,0.804
gspec_2274180_15.log,0.2,591,143,279,0.805
gspec_2274180_1.log,0.2,229,44,94,0.839
gspec_2274180_2.log,0.2,220,45,79,0.830
gspec_2274180_3.log,0.2,230,42,93,0.846
gspec_2274180_4.log,0.2,265,60,110,0.815
gspec_2274180_5.log,0.2,270,70,110,0.794
gspec_2274180_6.log,0.2,272,47,105,0.853
gspec_2274180_7.log,0.2,271,53,106,0.836
gspec_2274180_8.log,0.2,470,83,198,0.850
gspec_2274180_9.log,0.2,460,103,211,0.817
gspec_t100_seed42.log,0.2,470,83,198,0.850
gspec_t100_seed43.log,0.2,460,103,211,0.817
gspec_t100_seed44.log,0.2,410,93,171,0.815
gspec_t100_seed45.log,0.2,447,99,186,0.819
gspec_t150_seed42.log,0.2,614,174,292,0.779
gspec_t150_seed43.log,0.2,646,177,303,0.785
gspec_t150_seed44.log,0.2,592,144,269,0.804
gspec_t150_seed45.log,0.2,591,143,279,0.805
gspec_t25_seed42.log,0.2,220,47,81,0.824
gspec_t25_seed43.log,0.2,229,44,94,0.839
gspec_t25_seed44.log,0.2,220,45,79,0.830
gspec_t25_seed45.log,0.2,230,42,93,0.846
gspec_t50_seed42.log,0.2,265,60,110,0.815
gspec_t50_seed43.log,0.2,270,70,110,0.794
gspec_t50_seed44.log,0.2,272,47,105,0.853
gspec_t50_seed45.log,0.2,271,53,106,0.836
klowjob_2271112_10.log,0.2,710,0,582,1.000
klowjob_2271112_11.log,0.2,723,0,595,1.000
klowjob_2271112_12.log,0.2,707,0,579,1.000
klowjob_2271112_13.log,0.2,676,0,548,1.000
klowjob_2271112_14.log,0.2,680,0,552,1.000
klowjob_2271112_15.log,0.2,743,0,615,1.000
klowjob_2271112_24.log,0.2,3240,0,2984,1.000
klowjob_2271112_24.log,0.2,3761,0,3505,1.000
klowjob_2271112_25.log,0.2,3173,0,2917,1.000
klowjob_2271112_25.log,0.2,3752,0,3496,1.000
klowjob_2271112_26.log,0.2,3266,0,3010,1.000
klowjob_2271112_26.log,0.2,3853,0,3597,1.000
klowjob_2271112_27.log,0.2,3185,0,2929,1.000
klowjob_2271112_27.log,0.2,3747,0,3491,1.000
klowjob_2271112_28.log,0.2,3435,0,3179,1.000
klowjob_2271112_28.log,0.2,3686,0,3430,1.000
klowjob_2271112_29.log,0.2,3185,0,2929,1.000
klowjob_2271112_29.log,0.2,3771,0,3515,1.000
klowjob_2271112_30.log,0.2,3263,0,3007,1.000
klowjob_2271112_30.log,0.2,3773,0,3517,1.000
klowjob_2271112_31.log,0.2,3129,0,2873,1.000
klowjob_2271112_31.log,0.2,3751,0,3495,1.000
klowjob_2271112_8.log,0.2,686,0,558,1.000
klowjob_2271112_9.log,0.2,672,0,544,1.000
poster_strip_cube_spec.log,0.2,52,6,40,0.897
poster_strip_pusht_spec.log,0.2,56,31,42,0.644
poster_strip_reacher_spec.log,0.2,71,51,51,0.582
poster_strips2_2306765_0.log,0.2,52,6,40,0.897
poster_strips2_2306765_2.log,0.2,71,51,51,0.582
poster_strips_2306078_0.log,0.2,56,31,42,0.644
pusht_auditjob_2270819_10.log,0.3,1974,2788,798,0.415
pusht_auditjob_2270819_10.log,0.3,2296,3207,946,0.417
pusht_auditjob_2270819_11.log,0.3,2017,2699,904,0.428
pusht_auditjob_2270819_11.log,0.3,2245,3127,948,0.418
pusht_auditjob_2270819_4.log,0.15,2978,1852,2386,0.617
pusht_auditjob_2270819_4.log,0.15,3278,2117,2626,0.608
pusht_auditjob_2270819_5.log,0.15,2894,1794,2329,0.617
pusht_auditjob_2270819_5.log,0.15,3381,2097,2773,0.617
pusht_auditjob_2270819_6.log,0.2,2466,2329,1645,0.514
pusht_auditjob_2270819_6.log,0.2,2641,2701,1689,0.494
pusht_auditjob_2270819_7.log,0.2,2369,2311,1533,0.506
pusht_auditjob_2270819_7.log,0.2,2780,2688,1842,0.508
pusht_auditjob_2270819_8.log,0.25,2119,2582,1114,0.451
pusht_auditjob_2270819_8.log,0.25,2473,2951,1316,0.456
pusht_auditjob_2270819_9.log,0.25,2112,2629,1084,0.445
pusht_auditjob_2270819_9.log,0.25,2476,2996,1313,0.452
pusht_ext_2276596_20.log,0.2,283,28,25,0.910
pusht_ext_2276596_20.log,0.2,321,62,63,0.838
pusht_ext_2276596_21.log,0.2,292,19,34,0.939
pusht_ext_2276596_21.log,0.2,321,52,58,0.861
pusht_ext_2276596_22.log,0.2,513,223,252,0.697
pusht_ext_2276596_22.log,0.2,607,313,334,0.660
pusht_ext_2276596_23.log,0.2,501,232,239,0.683
pusht_ext_2276596_23.log,0.2,628,301,359,0.676
pusht_ext_2276596_24.log,0.2,818,461,512,0.640
pusht_ext_2276596_24.log,0.2,1090,686,748,0.614
pusht_ext_2276596_25.log,0.2,826,480,520,0.632
pusht_ext_2276596_25.log,0.2,1069,668,744,0.615
pusht_ext_2276596_26.log,0.2,1236,793,891,0.609
pusht_ext_2276596_26.log,0.2,1525,977,1159,0.610
pusht_ext_2276596_27.log,0.2,1240,758,912,0.621
pusht_ext_2276596_27.log,0.2,1546,963,1170,0.616
pusht_ext_2276596_28.log,0.2,2075,1296,1596,0.616
pusht_ext_2276596_28.log,0.2,2482,1597,1956,0.608
pusht_ext_2276596_29.log,0.2,2147,1317,1661,0.620
pusht_ext_2276596_29.log,0.2,2387,1571,1836,0.603
pusht_ext_2276596_50.log,0.2,37,3,6,0.925
pusht_ext_2276596_50.log,0.2,49,11,17,0.817
pusht_ext_2276596_51.log,0.2,37,5,6,0.881
pusht_ext_2276596_51.log,0.2,49,9,18,0.845
pusht_ext_2276596_52.log,0.2,477,197,241,0.708
pusht_ext_2276596_52.log,0.2,562,269,319,0.676
pusht_ext_2276596_53.log,0.2,496,206,265,0.707
pusht_ext_2276596_53.log,0.2,583,284,342,0.672
pusht_ext_2276596_54.log,0.2,779,462,484,0.628
pusht_ext_2276596_54.log,0.2,1044,688,717,0.603
pusht_ext_2276596_55.log,0.2,814,475,524,0.631
pusht_ext_2276596_55.log,0.2,1031,668,703,0.607
pusht_ext_2276596_56.log,0.2,1206,809,860,0.599
pusht_ext_2276596_56.log,0.2,1474,986,1089,0.599
pusht_ext_2276596_57.log,0.2,1257,760,910,0.623
pusht_ext_2276596_57.log,0.2,1547,988,1171,0.610
pusht_ext_2276596_58.log,0.2,2044,1324,1564,0.607
pusht_ext_2276596_58.log,0.2,2347,1557,1817,0.601
pusht_ext_2276596_59.log,0.2,2119,1351,1633,0.611
pusht_ext_2276596_59.log,0.2,2330,1550,1794,0.601
pusht_ext_r_spec_t100_seed44.log,0.2,1206,809,860,0.599
pusht_ext_r_spec_t100_seed44.log,0.2,1474,986,1089,0.599
pusht_ext_r_spec_t100_seed45.log,0.2,1257,760,910,0.623
pusht_ext_r_spec_t100_seed45.log,0.2,1547,988,1171,0.610
pusht_ext_r_spec_t150_seed44.log,0.2,2044,1324,1564,0.607
pusht_ext_r_spec_t150_seed44.log,0.2,2347,1557,1817,0.601
pusht_ext_r_spec_t150_seed45.log,0.2,2119,1351,1633,0.611
pusht_ext_r_spec_t150_seed45.log,0.2,2330,1550,1794,0.601
pusht_ext_r_spec_t25_seed44.log,0.2,37,3,6,0.925
pusht_ext_r_spec_t25_seed44.log,0.2,49,11,17,0.817
pusht_ext_r_spec_t25_seed45.log,0.2,37,5,6,0.881
pusht_ext_r_spec_t25_seed45.log,0.2,49,9,18,0.845
pusht_ext_r_spec_t50_seed44.log,0.2,477,197,241,0.708
pusht_ext_r_spec_t50_seed44.log,0.2,562,269,319,0.676
pusht_ext_r_spec_t50_seed45.log,0.2,496,206,265,0.707
pusht_ext_r_spec_t50_seed45.log,0.2,583,284,342,0.672
pusht_ext_r_spec_t75_seed44.log,0.2,779,462,484,0.628
pusht_ext_r_spec_t75_seed44.log,0.2,1044,688,717,0.603
pusht_ext_r_spec_t75_seed45.log,0.2,814,475,524,0.631
pusht_ext_r_spec_t75_seed45.log,0.2,1031,668,703,0.607
pusht_ext_spec_t100_seed44.log,0.2,1236,793,891,0.609
pusht_ext_spec_t100_seed44.log,0.2,1525,977,1159,0.610
pusht_ext_spec_t100_seed45.log,0.2,1240,758,912,0.621
pusht_ext_spec_t100_seed45.log,0.2,1546,963,1170,0.616
pusht_ext_spec_t150_seed44.log,0.2,2075,1296,1596,0.616
pusht_ext_spec_t150_seed44.log,0.2,2482,1597,1956,0.608
pusht_ext_spec_t150_seed45.log,0.2,2147,1317,1661,0.620
pusht_ext_spec_t150_seed45.log,0.2,2387,1571,1836,0.603
pusht_ext_spec_t25_seed44.log,0.2,283,28,25,0.910
pusht_ext_spec_t25_seed44.log,0.2,321,62,63,0.838
pusht_ext_spec_t25_seed45.log,0.2,292,19,34,0.939
pusht_ext_spec_t25_seed45.log,0.2,321,52,58,0.861
pusht_ext_spec_t50_seed44.log,0.2,513,223,252,0.697
pusht_ext_spec_t50_seed44.log,0.2,607,313,334,0.660
pusht_ext_spec_t50_seed45.log,0.2,501,232,239,0.683
pusht_ext_spec_t50_seed45.log,0.2,628,301,359,0.676
pusht_ext_spec_t75_seed44.log,0.2,818,461,512,0.640
pusht_ext_spec_t75_seed44.log,0.2,1090,686,748,0.614
pusht_ext_spec_t75_seed45.log,0.2,826,480,520,0.632
pusht_ext_spec_t75_seed45.log,0.2,1069,668,744,0.615
pusht_gapfilljob_2272008_10.log,0.2,1142,132,884,0.896
pusht_gapfilljob_2272008_10.log,0.2,1307,195,1043,0.870
pusht_gapfilljob_2272008_11.log,0.2,1113,144,852,0.885
pusht_gapfilljob_2272008_11.log,0.2,1275,173,1018,0.881
pusht_gapfilljob_2272008_12.log,0.4,817,410,530,0.666
pusht_gapfilljob_2272008_12.log,0.4,971,548,650,0.639
pusht_gapfilljob_2272008_13.log,0.4,827,433,530,0.656
pusht_gapfilljob_2272008_13.log,0.4,933,517,621,0.643
pusht_gapfilljob_2272008_14.log,0.4,807,446,511,0.644
pusht_gapfilljob_2272008_14.log,0.4,961,542,646,0.639
pusht_gapfilljob_2272008_15.log,0.4,816,434,529,0.653
pusht_gapfilljob_2272008_15.log,0.4,929,531,612,0.636
pusht_gapfilljob_2272008_4.log,0.2,1084,694,730,0.610
pusht_gapfilljob_2272008_4.log,0.2,1317,818,947,0.617
pusht_gapfilljob_2272008_5.log,0.2,1011,685,648,0.596
pusht_gapfilljob_2272008_5.log,0.2,1163,815,787,0.588
pusht_gapfilljob_2272008_6.log,0.2,999,668,661,0.599
pusht_gapfilljob_2272008_6.log,0.2,1235,851,860,0.592
pusht_gapfilljob_2272008_7.log,0.2,1107,671,766,0.623
pusht_gapfilljob_2272008_7.log,0.2,1258,846,892,0.598
pusht_gapfilljob_2272008_8.log,0.2,1161,125,901,0.903
pusht_gapfilljob_2272008_8.log,0.2,1303,170,1036,0.885
pusht_gapfilljob_2272008_9.log,0.2,1105,142,846,0.886
pusht_gapfilljob_2272008_9.log,0.2,1287,190,1025,0.871
pusht_hz_2270740_30.log,0.2,377,45,120,0.893
pusht_hz_2270740_30.log,0.2,400,82,141,0.830
pusht_hz_2270740_31.log,0.2,371,55,110,0.871
pusht_hz_2270740_31.log,0.2,412,79,147,0.839
pusht_hz_2270740_32.log,0.2,695,293,405,0.703
pusht_hz_2270740_32.log,0.2,840,419,539,0.667
pusht_hz_2270740_33.log,0.2,669,320,372,0.676
pusht_hz_2270740_33.log,0.2,818,439,511,0.651
pusht_hz_2270740_34.log,0.2,1105,721,746,0.605
pusht_hz_2270740_34.log,0.2,1313,921,905,0.588
pusht_hz_2270740_35.log,0.2,1098,737,732,0.598
pusht_hz_2270740_35.log,0.2,1345,988,912,0.577
pusht_hz_2270740_36.log,0.2,1633,1213,1151,0.574
pusht_hz_2270740_36.log,0.2,2028,1537,1452,0.569
pusht_hz_2270740_37.log,0.2,1620,1205,1129,0.573
pusht_hz_2270740_37.log,0.2,1881,1541,1292,0.550
pusht_hz_2270740_38.log,0.2,2592,2391,1759,0.520
pusht_hz_2270740_38.log,0.2,2962,2672,2047,0.526
pusht_hz_2270740_39.log,0.2,2563,2410,1724,0.515
pusht_hz_2270740_39.log,0.2,2888,2779,1942,0.510
pusht_hz_s10speck3_t100_seed42.log,0.2,1813,1065,1400,0.630
pusht_hz_s10speck3_t100_seed42.log,0.2,2201,1354,1729,0.619
pusht_hz_s10speck3_t100_seed43.log,0.2,1887,1071,1484,0.638
pusht_hz_s10speck3_t100_seed43.log,0.2,2192,1362,1728,0.617
pusht_hz_s10speck3_t150_seed42.log,0.2,2915,2043,2256,0.588
pusht_hz_s10speck3_t150_seed42.log,0.2,3169,2339,2431,0.575
pusht_hz_s10speck3_t150_seed43.log,0.2,2938,2111,2244,0.582
pusht_hz_s10speck3_t150_seed43.log,0.2,3347,2485,2600,0.574
pusht_hz_s10speck3_t25_seed42.log,0.2,396,35,140,0.919
pusht_hz_s10speck3_t25_seed42.log,0.2,425,69,164,0.860
pusht_hz_s10speck3_t25_seed43.log,0.2,386,38,128,0.910
pusht_hz_s10speck3_t25_seed43.log,0.2,431,62,172,0.874
pusht_hz_s10speck3_t50_seed42.log,0.2,739,242,465,0.753
pusht_hz_s10speck3_t50_seed42.log,0.2,918,369,635,0.713
pusht_hz_s10speck3_t50_seed43.log,0.2,730,256,459,0.740
pusht_hz_s10speck3_t50_seed43.log,0.2,909,370,620,0.711
pusht_hz_s10speck3_t75_seed42.log,0.2,1271,598,936,0.680
pusht_hz_s10speck3_t75_seed42.log,0.2,1477,834,1098,0.639
pusht_hz_s10speck3_t75_seed43.log,0.2,1212,602,872,0.668
pusht_hz_s10speck3_t75_seed43.log,0.2,1490,851,1102,0.636
pusht_hz_s10spec_t100_seed42.log,0.2,1633,1213,1151,0.574
pusht_hz_s10spec_t100_seed42.log,0.2,2028,1537,1452,0.569
pusht_hz_s10spec_t100_seed43.log,0.2,1620,1205,1129,0.573
pusht_hz_s10spec_t100_seed43.log,0.2,1881,1541,1292,0.550
pusht_hz_s10spec_t150_seed42.log,0.2,2592,2391,1759,0.520
pusht_hz_s10spec_t150_seed42.log,0.2,2962,2672,2047,0.526
pusht_hz_s10spec_t150_seed43.log,0.2,2563,2410,1724,0.515
pusht_hz_s10spec_t150_seed43.log,0.2,2888,2779,1942,0.510
pusht_hz_s10spec_t25_seed42.log,0.2,377,45,120,0.893
pusht_hz_s10spec_t25_seed42.log,0.2,400,82,141,0.830
pusht_hz_s10spec_t25_seed43.log,0.2,371,55,110,0.871
pusht_hz_s10spec_t25_seed43.log,0.2,412,79,147,0.839
pusht_hz_s10spec_t50_seed42.log,0.2,695,293,405,0.703
pusht_hz_s10spec_t50_seed42.log,0.2,840,419,539,0.667
pusht_hz_s10spec_t50_seed43.log,0.2,669,320,372,0.676
pusht_hz_s10spec_t50_seed43.log,0.2,818,439,511,0.651
pusht_hz_s10spec_t75_seed42.log,0.2,1105,721,746,0.605
pusht_hz_s10spec_t75_seed42.log,0.2,1313,921,905,0.588
pusht_hz_s10spec_t75_seed43.log,0.2,1098,737,732,0.598
pusht_hz_s10spec_t75_seed43.log,0.2,1345,988,912,0.577
pusht_hzs5_2271135_30.log,0.2,284,25,27,0.919
pusht_hzs5_2271135_30.log,0.2,303,60,43,0.835
pusht_hzs5_2271135_31.log,0.2,278,24,20,0.921
pusht_hzs5_2271135_31.log,0.2,301,46,41,0.867
pusht_hzs5_2271135_32.log,0.2,471,264,196,0.641
pusht_hzs5_2271135_32.log,0.2,617,376,331,0.621
pusht_hzs5_2271135_33.log,0.2,481,271,214,0.640
pusht_hzs5_2271135_33.log,0.2,603,382,316,0.612
pusht_hzs5_2271135_34.log,0.2,736,503,424,0.594
pusht_hzs5_2271135_34.log,0.2,931,735,569,0.559
pusht_hzs5_2271135_35.log,0.2,745,527,428,0.586
pusht_hzs5_2271135_35.log,0.2,944,724,589,0.566
pusht_hzs5_2271135_36.log,0.2,1058,884,662,0.545
pusht_hzs5_2271135_36.log,0.2,1363,1202,897,0.531
pusht_hzs5_2271135_37.log,0.2,1036,884,645,0.540
pusht_hzs5_2271135_37.log,0.2,1307,1108,879,0.541
pusht_hzs5_2271135_38.log,0.2,1759,1557,1159,0.530
pusht_hzs5_2271135_38.log,0.2,2079,1816,1425,0.534
pusht_hzs5_2271135_39.log,0.2,1747,1553,1159,0.529
pusht_hzs5_2271135_39.log,0.2,2106,1805,1450,0.538
pusht_hzs5_s10speck3_t100_seed42.log,0.2,1334,777,982,0.632
pusht_hzs5_s10speck3_t100_seed42.log,0.2,1635,1035,1261,0.612
pusht_hzs5_s10speck3_t100_seed43.log,0.2,1328,808,980,0.622
pusht_hzs5_s10speck3_t100_seed43.log,0.2,1568,1025,1187,0.605
pusht_hzs5_s10speck3_t150_seed42.log,0.2,2126,1377,1607,0.607
pusht_hzs5_s10speck3_t150_seed42.log,0.2,2231,1545,1687,0.591
pusht_hzs5_s10speck3_t150_seed43.log,0.2,2010,1427,1492,0.585
pusht_hzs5_s10speck3_t150_seed43.log,0.2,2344,1707,1770,0.579
pusht_hzs5_s10speck3_t25_seed42.log,0.2,284,19,26,0.937
pusht_hzs5_s10speck3_t25_seed42.log,0.2,307,54,48,0.850
pusht_hzs5_s10speck3_t25_seed43.log,0.2,281,19,24,0.937
pusht_hzs5_s10speck3_t25_seed43.log,0.2,319,39,59,0.891
pusht_hzs5_s10speck3_t50_seed42.log,0.2,521,218,259,0.705
pusht_hzs5_s10speck3_t50_seed42.log,0.2,624,304,355,0.672
pusht_hzs5_s10speck3_t50_seed43.log,0.2,532,213,272,0.714
pusht_hzs5_s10speck3_t50_seed43.log,0.2,617,334,341,0.649
pusht_hzs5_s10speck3_t75_seed42.log,0.2,819,498,524,0.622
pusht_hzs5_s10speck3_t75_seed42.log,0.2,1065,673,730,0.613
pusht_hzs5_s10speck3_t75_seed43.log,0.2,789,461,490,0.631
pusht_hzs5_s10speck3_t75_seed43.log,0.2,1021,657,699,0.608
pusht_hzs5_s10spec_t100_seed42.log,0.2,1058,884,662,0.545
pusht_hzs5_s10spec_t100_seed42.log,0.2,1363,1202,897,0.531
pusht_hzs5_s10spec_t100_seed43.log,0.2,1036,884,645,0.540
pusht_hzs5_s10spec_t100_seed43.log,0.2,1307,1108,879,0.541
pusht_hzs5_s10spec_t150_seed42.log,0.2,1759,1557,1159,0.530
pusht_hzs5_s10spec_t150_seed42.log,0.2,2079,1816,1425,0.534
pusht_hzs5_s10spec_t150_seed43.log,0.2,1747,1553,1159,0.529
pusht_hzs5_s10spec_t150_seed43.log,0.2,2106,1805,1450,0.538
pusht_hzs5_s10spec_t25_seed42.log,0.2,284,25,27,0.919
pusht_hzs5_s10spec_t25_seed42.log,0.2,303,60,43,0.835
pusht_hzs5_s10spec_t25_seed43.log,0.2,278,24,20,0.921
pusht_hzs5_s10spec_t25_seed43.log,0.2,301,46,41,0.867
pusht_hzs5_s10spec_t50_seed42.log,0.2,471,264,196,0.641
pusht_hzs5_s10spec_t50_seed42.log,0.2,617,376,331,0.621
pusht_hzs5_s10spec_t50_seed43.log,0.2,481,271,214,0.640
pusht_hzs5_s10spec_t50_seed43.log,0.2,603,382,316,0.612
pusht_hzs5_s10spec_t75_seed42.log,0.2,736,503,424,0.594
pusht_hzs5_s10spec_t75_seed42.log,0.2,931,735,569,0.559
pusht_hzs5_s10spec_t75_seed43.log,0.2,745,527,428,0.586
pusht_hzs5_s10spec_t75_seed43.log,0.2,944,724,589,0.566
pusht_k100job_2271077_10.log,0.2,1680,1120,1245,0.600
pusht_k100job_2271077_10.log,0.2,1999,1487,1477,0.573
pusht_k100job_2271077_11.log,0.2,1678,1209,1203,0.581
pusht_k100job_2271077_11.log,0.2,2034,1482,1514,0.578
pusht_k100job_2271077_12.log,0.2,1666,1244,1185,0.573
pusht_k100job_2271077_12.log,0.2,1928,1469,1392,0.568
pusht_k100job_2271077_13.log,0.2,1642,1251,1155,0.568
pusht_k100job_2271077_13.log,0.2,1904,1553,1349,0.551
pusht_k100job_2271077_14.log,0.2,1604,1254,1118,0.561
pusht_k100job_2271077_14.log,0.2,1921,1517,1371,0.559
pusht_k100job_2271077_15.log,0.2,1618,1283,1128,0.558
pusht_k100job_2271077_15.log,0.2,1987,1523,1438,0.566
pusht_k100job_2271077_8.log,0.2,1675,1231,1198,0.576
pusht_k100job_2271077_8.log,0.2,2014,1476,1477,0.577
pusht_k100job_2271077_9.log,0.2,1688,1142,1247,0.596
pusht_k100job_2271077_9.log,0.2,2006,1507,1466,0.571
pusht_k3job_2271747_4.log,0.2,1876,1059,1472,0.639
pusht_k3job_2271747_4.log,0.2,2136,1333,1681,0.616
pusht_k3job_2271747_5.log,0.2,1838,1088,1428,0.628
pusht_k3job_2271747_5.log,0.2,2135,1323,1674,0.617
pusht_k3job_2271747_6.log,0.2,1847,1087,1424,0.630
pusht_k3job_2271747_6.log,0.2,2178,1377,1720,0.613
pusht_k3job_2271747_7.log,0.2,1856,1042,1448,0.640
pusht_k3job_2271747_7.log,0.2,2174,1313,1686,0.623
pusht_k4job_2271066_4.log,0.2,2656,2273,1854,0.539
pusht_k4job_2271066_4.log,0.2,2986,2652,2098,0.530
pusht_k4job_2271066_5.log,0.2,2728,2327,1916,0.540
pusht_k4job_2271066_5.log,0.2,2986,2694,2092,0.526
pusht_k4job_2271066_6.log,0.2,2619,2296,1805,0.533
pusht_k4job_2271066_6.log,0.2,2976,2682,2098,0.526
pusht_k4job_2271066_7.log,0.2,2731,2381,1923,0.534
pusht_k4job_2271066_7.log,0.2,3010,2752,2087,0.522
pusht_offaxisjob_2271116_0.log,0.3,1368,1452,736,0.485
pusht_offaxisjob_2271116_0.log,0.3,1659,1816,893,0.477
pusht_offaxisjob_2271116_1.log,0.3,1342,1491,707,0.474
pusht_offaxisjob_2271116_1.log,0.3,1610,1847,845,0.466
pusht_offaxisjob_2271116_2.log,0.1,2658,322,2393,0.892
pusht_offaxisjob_2271116_2.log,0.1,3021,455,2736,0.869
pusht_offaxisjob_2271116_3.log,0.1,2515,348,2239,0.878
pusht_offaxisjob_2271116_3.log,0.1,3069,436,2791,0.876
pusht_offaxis_tau0.10_k4_seed42.log,0.1,2658,322,2393,0.892
pusht_offaxis_tau0.10_k4_seed42.log,0.1,3021,455,2736,0.869
pusht_offaxis_tau0.10_k4_seed43.log,0.1,2515,348,2239,0.878
pusht_offaxis_tau0.10_k4_seed43.log,0.1,3069,436,2791,0.876
pusht_offaxis_tau0.30_k4_seed42.log,0.3,1368,1452,736,0.485
pusht_offaxis_tau0.30_k4_seed42.log,0.3,1659,1816,893,0.477
pusht_offaxis_tau0.30_k4_seed43.log,0.3,1342,1491,707,0.474
pusht_offaxis_tau0.30_k4_seed43.log,0.3,1610,1847,845,0.466
pusht_randinitjob_2272000_4.log,0.2,5227,1008,4905,0.838
pusht_randinitjob_2272000_4.log,0.2,6052,1482,5631,0.803
pusht_randinitjob_2272000_5.log,0.2,5015,988,4686,0.835
pusht_randinitjob_2272000_5.log,0.2,6144,1507,5715,0.803
pusht_randinitjob_2272000_6.log,0.2,5003,994,4653,0.834
pusht_randinitjob_2272000_6.log,0.2,5919,1433,5489,0.805
pusht_randinitjob_2272000_7.log,0.2,4773,931,4463,0.837
pusht_randinitjob_2272000_7.log,0.2,6211,1438,5797,0.812
pusht_randinit_speck3_seed42.log,0.2,5227,1008,4905,0.838
pusht_randinit_speck3_seed42.log,0.2,6052,1482,5631,0.803
pusht_randinit_speck3_seed43.log,0.2,5015,988,4686,0.835
pusht_randinit_speck3_seed43.log,0.2,6144,1507,5715,0.803
pusht_randinit_speck3_seed44.log,0.2,5003,994,4653,0.834
pusht_randinit_speck3_seed44.log,0.2,5919,1433,5489,0.805
pusht_randinit_speck3_seed45.log,0.2,4773,931,4463,0.837
pusht_randinit_speck3_seed45.log,0.2,6211,1438,5797,0.812
pusht_repl_2270737_14.log,0.2,360,105,103,0.774
pusht_repl_2270737_14.log,0.2,400,133,143,0.750
pusht_repl_2270737_15.log,0.2,365,104,109,0.778
pusht_repl_2270737_15.log,0.2,402,144,145,0.736
pusht_repl_2270737_16.log,0.2,351,95,94,0.787
pusht_repl_2270737_16.log,0.2,379,136,120,0.736
pusht_repl_2270737_17.log,0.2,354,107,97,0.768
pusht_repl_2270737_17.log,0.2,395,145,131,0.731
pusht_repl_s10speck3_seed42.log,0.2,381,87,125,0.814
pusht_repl_s10speck3_seed42.log,0.2,420,117,162,0.782
pusht_repl_s10speck3_seed43.log,0.2,369,97,113,0.792
pusht_repl_s10speck3_seed43.log,0.2,414,135,157,0.754
pusht_repl_s10speck3_seed44.log,0.2,366,82,110,0.817
pusht_repl_s10speck3_seed44.log,0.2,399,118,140,0.772
pusht_repl_s10speck3_seed45.log,0.2,363,93,105,0.796
pusht_repl_s10speck3_seed45.log,0.2,412,121,151,0.773
pusht_repl_s10spec_seed42.log,0.2,360,105,103,0.774
pusht_repl_s10spec_seed42.log,0.2,400,133,143,0.750
pusht_repl_s10spec_seed43.log,0.2,365,104,109,0.778
pusht_repl_s10spec_seed43.log,0.2,402,144,145,0.736
pusht_repl_s10spec_seed44.log,0.2,351,95,94,0.787
pusht_repl_s10spec_seed44.log,0.2,379,136,120,0.736
pusht_repl_s10spec_seed45.log,0.2,354,107,97,0.768
pusht_repl_s10spec_seed45.log,0.2,395,145,131,0.731
pusht_s25spec_tau02_t100_seed42.log,0.2,1161,125,901,0.903
pusht_s25spec_tau02_t100_seed42.log,0.2,1303,170,1036,0.885
pusht_s25spec_tau02_t100_seed43.log,0.2,1105,142,846,0.886
pusht_s25spec_tau02_t100_seed43.log,0.2,1287,190,1025,0.871
pusht_s25spec_tau02_t100_seed44.log,0.2,1142,132,884,0.896
pusht_s25spec_tau02_t100_seed44.log,0.2,1307,195,1043,0.870
pusht_s25spec_tau02_t100_seed45.log,0.2,1113,144,852,0.885
pusht_s25spec_tau02_t100_seed45.log,0.2,1275,173,1018,0.881
pusht_s25spec_tau04_t100_seed42.log,0.4,817,410,530,0.666
pusht_s25spec_tau04_t100_seed42.log,0.4,971,548,650,0.639
pusht_s25spec_tau04_t100_seed43.log,0.4,827,433,530,0.656
pusht_s25spec_tau04_t100_seed43.log,0.4,933,517,621,0.643
pusht_s25spec_tau04_t100_seed44.log,0.4,807,446,511,0.644
pusht_s25spec_tau04_t100_seed44.log,0.4,961,542,646,0.639
pusht_s25spec_tau04_t100_seed45.log,0.4,816,434,529,0.653
pusht_s25spec_tau04_t100_seed45.log,0.4,929,531,612,0.636
pusht_specdjob_2271772_0.log,0.2,284,19,26,0.937
pusht_specdjob_2271772_0.log,0.2,307,54,48,0.850
pusht_specdjob_2271772_10.log,0.2,396,35,140,0.919
pusht_specdjob_2271772_10.log,0.2,425,69,164,0.860
pusht_specdjob_2271772_11.log,0.2,386,38,128,0.910
pusht_specdjob_2271772_11.log,0.2,431,62,172,0.874
pusht_specdjob_2271772_12.log,0.2,739,242,465,0.753
pusht_specdjob_2271772_12.log,0.2,918,369,635,0.713
pusht_specdjob_2271772_13.log,0.2,730,256,459,0.740
pusht_specdjob_2271772_13.log,0.2,909,370,620,0.711
pusht_specdjob_2271772_14.log,0.2,1271,598,936,0.680
pusht_specdjob_2271772_14.log,0.2,1477,834,1098,0.639
pusht_specdjob_2271772_15.log,0.2,1212,602,872,0.668
pusht_specdjob_2271772_15.log,0.2,1490,851,1102,0.636
pusht_specdjob_2271772_16.log,0.2,1813,1065,1400,0.630
pusht_specdjob_2271772_16.log,0.2,2201,1354,1729,0.619
pusht_specdjob_2271772_17.log,0.2,1887,1071,1484,0.638
pusht_specdjob_2271772_17.log,0.2,2192,1362,1728,0.617
pusht_specdjob_2271772_18.log,0.2,2915,2043,2256,0.588
pusht_specdjob_2271772_18.log,0.2,3169,2339,2431,0.575
pusht_specdjob_2271772_19.log,0.2,2938,2111,2244,0.582
pusht_specdjob_2271772_19.log,0.2,3347,2485,2600,0.574
pusht_specdjob_2271772_1.log,0.2,281,19,24,0.937
pusht_specdjob_2271772_1.log,0.2,319,39,59,0.891
pusht_specdjob_2271772_20.log,0.2,381,87,125,0.814
pusht_specdjob_2271772_20.log,0.2,420,117,162,0.782
pusht_specdjob_2271772_21.log,0.2,369,97,113,0.792
pusht_specdjob_2271772_21.log,0.2,414,135,157,0.754
pusht_specdjob_2271772_22.log,0.2,366,82,110,0.817
pusht_specdjob_2271772_22.log,0.2,399,118,140,0.772
pusht_specdjob_2271772_23.log,0.2,363,93,105,0.796
pusht_specdjob_2271772_23.log,0.2,412,121,151,0.773
pusht_specdjob_2271772_2.log,0.2,521,218,259,0.705
pusht_specdjob_2271772_2.log,0.2,624,304,355,0.672
pusht_specdjob_2271772_3.log,0.2,532,213,272,0.714
pusht_specdjob_2271772_3.log,0.2,617,334,341,0.649
pusht_specdjob_2271772_4.log,0.2,819,498,524,0.622
pusht_specdjob_2271772_4.log,0.2,1065,673,730,0.613
pusht_specdjob_2271772_5.log,0.2,789,461,490,0.631
pusht_specdjob_2271772_5.log,0.2,1021,657,699,0.608
pusht_specdjob_2271772_6.log,0.2,1334,777,982,0.632
pusht_specdjob_2271772_6.log,0.2,1635,1035,1261,0.612
pusht_specdjob_2271772_7.log,0.2,1328,808,980,0.622
pusht_specdjob_2271772_7.log,0.2,1568,1025,1187,0.605
pusht_specdjob_2271772_8.log,0.2,2126,1377,1607,0.607
pusht_specdjob_2271772_8.log,0.2,2231,1545,1687,0.591
pusht_specdjob_2271772_9.log,0.2,2010,1427,1492,0.585
pusht_specdjob_2271772_9.log,0.2,2344,1707,1770,0.579
pusht_speck1_t100_seed42.log,0.2,3240,0,2984,1.000
pusht_speck1_t100_seed42.log,0.2,3761,0,3505,1.000
pusht_speck1_t100_seed43.log,0.2,3173,0,2917,1.000
pusht_speck1_t100_seed43.log,0.2,3752,0,3496,1.000
pusht_speck1_t100_seed44.log,0.2,3266,0,3010,1.000
pusht_speck1_t100_seed44.log,0.2,3853,0,3597,1.000
pusht_speck1_t100_seed45.log,0.2,3185,0,2929,1.000
pusht_speck1_t100_seed45.log,0.2,3747,0,3491,1.000
pusht_speck2_t100_seed42.log,0.2,3435,0,3179,1.000
pusht_speck2_t100_seed42.log,0.2,3686,0,3430,1.000
pusht_speck2_t100_seed43.log,0.2,3185,0,2929,1.000
pusht_speck2_t100_seed43.log,0.2,3771,0,3515,1.000
pusht_speck2_t100_seed44.log,0.2,3263,0,3007,1.000
pusht_speck2_t100_seed44.log,0.2,3773,0,3517,1.000
pusht_speck2_t100_seed45.log,0.2,3129,0,2873,1.000
pusht_speck2_t100_seed45.log,0.2,3751,0,3495,1.000
pusht_speck3_t100_seed42.log,0.2,1876,1059,1472,0.639
pusht_speck3_t100_seed42.log,0.2,2136,1333,1681,0.616
pusht_speck3_t100_seed43.log,0.2,1838,1088,1428,0.628
pusht_speck3_t100_seed43.log,0.2,2135,1323,1674,0.617
pusht_speck3_t100_seed44.log,0.2,1847,1087,1424,0.630
pusht_speck3_t100_seed44.log,0.2,2178,1377,1720,0.613
pusht_speck3_t100_seed45.log,0.2,1856,1042,1448,0.640
pusht_speck3_t100_seed45.log,0.2,2174,1313,1686,0.623
pusht_speck4_t100_seed42.log,0.2,1675,1231,1198,0.576
pusht_speck4_t100_seed42.log,0.2,2014,1476,1477,0.577
pusht_speck4_t100_seed43.log,0.2,1688,1142,1247,0.596
pusht_speck4_t100_seed43.log,0.2,2006,1507,1466,0.571
pusht_speck4_t100_seed44.log,0.2,1680,1120,1245,0.600
pusht_speck4_t100_seed44.log,0.2,1999,1487,1477,0.573
pusht_speck4_t100_seed45.log,0.2,1678,1209,1203,0.581
pusht_speck4_t100_seed45.log,0.2,2034,1482,1514,0.578
pusht_speck4_t150_seed42.log,0.2,2656,2273,1854,0.539
pusht_speck4_t150_seed42.log,0.2,2986,2652,2098,0.530
pusht_speck4_t150_seed43.log,0.2,2728,2327,1916,0.540
pusht_speck4_t150_seed43.log,0.2,2986,2694,2092,0.526
pusht_speck4_t150_seed44.log,0.2,2619,2296,1805,0.533
pusht_speck4_t150_seed44.log,0.2,2976,2682,2098,0.526
pusht_speck4_t150_seed45.log,0.2,2731,2381,1923,0.534
pusht_speck4_t150_seed45.log,0.2,3010,2752,2087,0.522
pusht_speck8_t100_seed42.log,0.2,1666,1244,1185,0.573
pusht_speck8_t100_seed42.log,0.2,1928,1469,1392,0.568
pusht_speck8_t100_seed43.log,0.2,1642,1251,1155,0.568
pusht_speck8_t100_seed43.log,0.2,1904,1553,1349,0.551
pusht_speck8_t100_seed44.log,0.2,1604,1254,1118,0.561
pusht_speck8_t100_seed44.log,0.2,1921,1517,1371,0.559
pusht_speck8_t100_seed45.log,0.2,1618,1283,1128,0.558
pusht_speck8_t100_seed45.log,0.2,1987,1523,1438,0.566
pusht_sxtaujob_2272079_0.log,0.1,3826,1650,3365,0.699
pusht_sxtaujob_2272079_0.log,0.1,4660,2096,4096,0.690
pusht_sxtaujob_2272079_10.log,0.3,936,289,672,0.764
pusht_sxtaujob_2272079_10.log,0.3,1102,364,821,0.752
pusht_sxtaujob_2272079_11.log,0.4,823,398,525,0.674
pusht_sxtaujob_2272079_11.log,0.4,949,533,635,0.640
pusht_sxtaujob_2272079_1.log,0.2,2461,3006,1237,0.450
pusht_sxtaujob_2272079_1.log,0.2,2982,3763,1472,0.442
pusht_sxtaujob_2272079_2.log,0.3,2159,3331,599,0.393
pusht_sxtaujob_2272079_2.log,0.3,2549,4105,613,0.383
pusht_sxtaujob_2272079_3.log,0.4,2031,3492,305,0.368
pusht_sxtaujob_2272079_3.log,0.4,2473,4347,355,0.363
pusht_sxtaujob_2272079_4.log,0.1,2512,387,2244,0.867
pusht_sxtaujob_2272079_4.log,0.1,2953,517,2671,0.851
pusht_sxtaujob_2272079_5.log,0.2,1618,1209,1129,0.572
pusht_sxtaujob_2272079_5.log,0.2,1985,1520,1428,0.566
pusht_sxtaujob_2272079_6.log,0.3,1357,1538,682,0.469
pusht_sxtaujob_2272079_6.log,0.3,1587,1917,792,0.453
pusht_sxtaujob_2272079_7.log,0.4,1212,1655,440,0.423
pusht_sxtaujob_2272079_7.log,0.4,1452,2064,504,0.413
pusht_sxtaujob_2272079_8.log,0.1,1218,16,962,0.987
pusht_sxtaujob_2272079_8.log,0.1,1422,25,1166,0.983
pusht_sxtaujob_2272079_9.log,0.2,1113,128,854,0.897
pusht_sxtaujob_2272079_9.log,0.2,1326,184,1060,0.878
pusht_sxtau_S10_tau0.10_t100_seed42.log,0.1,2512,387,2244,0.867
pusht_sxtau_S10_tau0.10_t100_seed42.log,0.1,2953,517,2671,0.851
pusht_sxtau_S10_tau0.20_t100_seed42.log,0.2,1618,1209,1129,0.572
pusht_sxtau_S10_tau0.20_t100_seed42.log,0.2,1985,1520,1428,0.566
pusht_sxtau_S10_tau0.30_t100_seed42.log,0.3,1357,1538,682,0.469
pusht_sxtau_S10_tau0.30_t100_seed42.log,0.3,1587,1917,792,0.453
pusht_sxtau_S10_tau0.40_t100_seed42.log,0.4,1212,1655,440,0.423
pusht_sxtau_S10_tau0.40_t100_seed42.log,0.4,1452,2064,504,0.413
pusht_sxtau_S25_tau0.10_t100_seed42.log,0.1,1218,16,962,0.987
pusht_sxtau_S25_tau0.10_t100_seed42.log,0.1,1422,25,1166,0.983
pusht_sxtau_S25_tau0.20_t100_seed42.log,0.2,1113,128,854,0.897
pusht_sxtau_S25_tau0.20_t100_seed42.log,0.2,1326,184,1060,0.878
pusht_sxtau_S25_tau0.30_t100_seed42.log,0.3,936,289,672,0.764
pusht_sxtau_S25_tau0.30_t100_seed42.log,0.3,1102,364,821,0.752
pusht_sxtau_S25_tau0.40_t100_seed42.log,0.4,823,398,525,0.674
pusht_sxtau_S25_tau0.40_t100_seed42.log,0.4,949,533,635,0.640
pusht_sxtau_S5_tau0.10_t100_seed42.log,0.1,3826,1650,3365,0.699
pusht_sxtau_S5_tau0.10_t100_seed42.log,0.1,4660,2096,4096,0.690
pusht_sxtau_S5_tau0.20_t100_seed42.log,0.2,2461,3006,1237,0.450
pusht_sxtau_S5_tau0.20_t100_seed42.log,0.2,2982,3763,1472,0.442
pusht_sxtau_S5_tau0.30_t100_seed42.log,0.3,2159,3331,599,0.393
pusht_sxtau_S5_tau0.30_t100_seed42.log,0.3,2549,4105,613,0.383
pusht_sxtau_S5_tau0.40_t100_seed42.log,0.4,2031,3492,305,0.368
pusht_sxtau_S5_tau0.40_t100_seed42.log,0.4,2473,4347,355,0.363
pusht_t75_speck3_seed42.log,0.2,1084,694,730,0.610
pusht_t75_speck3_seed42.log,0.2,1317,818,947,0.617
pusht_t75_speck3_seed43.log,0.2,1011,685,648,0.596
pusht_t75_speck3_seed43.log,0.2,1163,815,787,0.588
pusht_t75_speck3_seed44.log,0.2,999,668,661,0.599
pusht_t75_speck3_seed44.log,0.2,1235,851,860,0.592
pusht_t75_speck3_seed45.log,0.2,1107,671,766,0.623
pusht_t75_speck3_seed45.log,0.2,1258,846,892,0.598
pusht_timingjob_2270820_2.log,0.2,2540,2384,1697,0.516
pusht_timingjob_2270820_2.log,0.2,2853,2736,1920,0.510
pusht_timing_s10_spec.log,0.2,2540,2384,1697,0.516
pusht_timing_s10_spec.log,0.2,2853,2736,1920,0.510
pusht_timingU_2276582_1.log,0.2,1308,815,955,0.616
pusht_timingU_speck3_t100.log,0.2,1308,815,955,0.616
pusht_v4eval_2276094_30.log,0.2,38,3,7,0.927
pusht_v4eval_2276094_30.log,0.2,46,8,15,0.852
pusht_v4eval_2276094_31.log,0.2,39,3,8,0.929
pusht_v4eval_2276094_31.log,0.2,47,11,16,0.810
pusht_v4eval_2276094_32.log,0.2,488,183,255,0.727
pusht_v4eval_2276094_32.log,0.2,550,304,304,0.644
pusht_v4eval_2276094_33.log,0.2,499,177,266,0.738
pusht_v4eval_2276094_33.log,0.2,602,284,361,0.679
pusht_v4eval_2276094_34.log,0.2,787,474,482,0.624
pusht_v4eval_2276094_34.log,0.2,1050,665,724,0.612
pusht_v4eval_2276094_35.log,0.2,803,479,505,0.626
pusht_v4eval_2276094_35.log,0.2,1076,700,740,0.606
pusht_v4eval_2276094_36.log,0.2,1297,797,949,0.619
pusht_v4eval_2276094_36.log,0.2,1564,956,1195,0.621
pusht_v4eval_2276094_37.log,0.2,1266,799,924,0.613
pusht_v4eval_2276094_37.log,0.2,1570,1072,1180,0.594
pusht_v4eval_2276094_38.log,0.2,2050,1316,1553,0.609
pusht_v4eval_2276094_38.log,0.2,2334,1599,1801,0.593
pusht_v4eval_2276094_39.log,0.2,1985,1415,1473,0.584
pusht_v4eval_2276094_39.log,0.2,2380,1674,1813,0.587
pusht_v4_r_spec_t100_seed42.log,0.2,1297,797,949,0.619
pusht_v4_r_spec_t100_seed42.log,0.2,1564,956,1195,0.621
pusht_v4_r_spec_t100_seed43.log,0.2,1266,799,924,0.613
pusht_v4_r_spec_t100_seed43.log,0.2,1570,1072,1180,0.594
pusht_v4_r_spec_t150_seed42.log,0.2,2050,1316,1553,0.609
pusht_v4_r_spec_t150_seed42.log,0.2,2334,1599,1801,0.593
pusht_v4_r_spec_t150_seed43.log,0.2,1985,1415,1473,0.584
pusht_v4_r_spec_t150_seed43.log,0.2,2380,1674,1813,0.587
pusht_v4_r_spec_t25_seed42.log,0.2,38,3,7,0.927
pusht_v4_r_spec_t25_seed42.log,0.2,46,8,15,0.852
pusht_v4_r_spec_t25_seed43.log,0.2,39,3,8,0.929
pusht_v4_r_spec_t25_seed43.log,0.2,47,11,16,0.810
pusht_v4_r_spec_t50_seed42.log,0.2,488,183,255,0.727
pusht_v4_r_spec_t50_seed42.log,0.2,550,304,304,0.644
pusht_v4_r_spec_t50_seed43.log,0.2,499,177,266,0.738
pusht_v4_r_spec_t50_seed43.log,0.2,602,284,361,0.679
pusht_v4_r_spec_t75_seed42.log,0.2,787,474,482,0.624
pusht_v4_r_spec_t75_seed42.log,0.2,1050,665,724,0.612
pusht_v4_r_spec_t75_seed43.log,0.2,803,479,505,0.626
pusht_v4_r_spec_t75_seed43.log,0.2,1076,700,740,0.606
pusht_valtau0.15_seed42.log,0.15,2978,1852,2386,0.617
pusht_valtau0.15_seed42.log,0.15,3278,2117,2626,0.608
pusht_valtau0.15_seed43.log,0.15,2894,1794,2329,0.617
pusht_valtau0.15_seed43.log,0.15,3381,2097,2773,0.617
pusht_valtau0.20_seed42.log,0.2,2466,2329,1645,0.514
pusht_valtau0.20_seed42.log,0.2,2641,2701,1689,0.494
pusht_valtau0.20_seed43.log,0.2,2369,2311,1533,0.506
pusht_valtau0.20_seed43.log,0.2,2780,2688,1842,0.508
pusht_valtau0.25_seed42.log,0.25,2119,2582,1114,0.451
pusht_valtau0.25_seed42.log,0.25,2473,2951,1316,0.456
pusht_valtau0.25_seed43.log,0.25,2112,2629,1084,0.445
pusht_valtau0.25_seed43.log,0.25,2476,2996,1313,0.452
pusht_valtau0.30_seed42.log,0.3,1974,2788,798,0.415
pusht_valtau0.30_seed42.log,0.3,2296,3207,946,0.417
pusht_valtau0.30_seed43.log,0.3,2017,2699,904,0.428
pusht_valtau0.30_seed43.log,0.3,2245,3127,948,0.418
reacher_arms_2270237_20.log,0.2,202,23,74,0.898
reacher_arms_2270237_21.log,0.2,197,19,69,0.912
reacher_arms_2270237_22.log,0.2,189,31,61,0.859
reacher_arms_2270237_23.log,0.2,192,33,64,0.853
reacher_arms_2270237_24.log,0.2,288,102,155,0.738
reacher_arms_2270237_25.log,0.2,268,92,135,0.744
reacher_arms_2270237_26.log,0.2,276,113,143,0.710
reacher_arms_2270237_27.log,0.2,249,99,118,0.716
reacher_arms_2270237_28.log,0.2,338,149,196,0.694
reacher_arms_2270237_29.log,0.2,319,159,166,0.667
reacher_arms_2270237_30.log,0.2,324,172,173,0.653
reacher_arms_2270237_31.log,0.2,311,158,166,0.663
reacher_arms_2270237_32.log,0.2,607,391,398,0.608
reacher_arms_2270237_33.log,0.2,552,395,337,0.583
reacher_arms_2270237_34.log,0.2,609,425,398,0.589
reacher_arms_2270237_35.log,0.2,598,443,376,0.574
reacher_arms_s10spec_seed42.log,0.2,338,149,196,0.694
reacher_arms_s10spec_seed43.log,0.2,319,159,166,0.667
reacher_arms_s10spec_seed44.log,0.2,324,172,173,0.653
reacher_arms_s10spec_seed45.log,0.2,311,158,166,0.663
reacher_arms_s15spec_seed42.log,0.2,288,102,155,0.738
reacher_arms_s15spec_seed43.log,0.2,268,92,135,0.744
reacher_arms_s15spec_seed44.log,0.2,276,113,143,0.710
reacher_arms_s15spec_seed45.log,0.2,249,99,118,0.716
reacher_arms_s25spec_seed42.log,0.2,202,23,74,0.898
reacher_arms_s25spec_seed43.log,0.2,197,19,69,0.912
reacher_arms_s25spec_seed44.log,0.2,189,31,61,0.859
reacher_arms_s25spec_seed45.log,0.2,192,33,64,0.853
reacher_arms_s5spec_seed42.log,0.2,607,391,398,0.608
reacher_arms_s5spec_seed43.log,0.2,552,395,337,0.583
reacher_arms_s5spec_seed44.log,0.2,609,425,398,0.589
reacher_arms_s5spec_seed45.log,0.2,598,443,376,0.574
reacher_blind3_t100_seed42.log,999.0,498,855,0,0.368
reacher_blind3_t100_seed43.log,999.0,497,852,0,0.368
reacher_blind3_t100_seed44.log,999.0,488,826,0,0.371
reacher_blind3_t100_seed45.log,999.0,482,809,0,0.373
reacher_blind3_t150_seed42.log,999.0,579,1042,0,0.357
reacher_blind3_t150_seed43.log,999.0,591,1045,0,0.361
reacher_blind3_t150_seed44.log,999.0,563,1000,0,0.360
reacher_blind3_t150_seed45.log,999.0,594,1051,0,0.361
reacher_blindjob_2271694_0.log,999.0,498,855,0,0.368
reacher_blindjob_2271694_1.log,999.0,497,852,0,0.368
reacher_blindjob_2271694_2.log,999.0,488,826,0,0.371
reacher_blindjob_2271694_3.log,999.0,482,809,0,0.373
reacher_blindjob_2271694_4.log,999.0,579,1042,0,0.357
reacher_blindjob_2271694_5.log,999.0,591,1045,0,0.361
reacher_blindjob_2271694_6.log,999.0,563,1000,0,0.360
reacher_blindjob_2271694_7.log,999.0,594,1051,0,0.361
reacher_frontierjob_2270577_0.log,0.1,694,146,558,0.826
reacher_frontierjob_2270577_10.log,0.2,771,448,576,0.632
reacher_frontierjob_2270577_11.log,0.2,728,405,526,0.643
reacher_frontierjob_2270577_12.log,0.3,567,553,290,0.506
reacher_frontierjob_2270577_13.log,0.3,523,468,271,0.528
reacher_frontierjob_2270577_14.log,0.3,605,578,330,0.511
reacher_frontierjob_2270577_15.log,0.3,592,541,316,0.523
reacher_frontierjob_2270577_16.log,0.3,692,658,391,0.513
reacher_frontierjob_2270577_17.log,0.3,616,579,338,0.515
reacher_frontierjob_2270577_18.log,0.4,528,653,180,0.447
reacher_frontierjob_2270577_19.log,0.4,544,600,215,0.476
reacher_frontierjob_2270577_1.log,0.1,709,126,572,0.849
reacher_frontierjob_2270577_20.log,0.4,535,649,201,0.452
reacher_frontierjob_2270577_21.log,0.4,585,685,223,0.461
reacher_frontierjob_2270577_22.log,0.4,629,761,257,0.453
reacher_frontierjob_2270577_23.log,0.4,585,690,237,0.459
reacher_frontierjob_2270577_2.log,0.1,858,186,722,0.822
reacher_frontierjob_2270577_3.log,0.1,808,173,670,0.824
reacher_frontierjob_2270577_4.log,0.1,924,203,784,0.820
reacher_frontierjob_2270577_5.log,0.1,889,201,756,0.816
reacher_frontierjob_2270577_6.log,0.2,592,342,413,0.634
reacher_frontierjob_2270577_7.log,0.2,570,319,388,0.641
reacher_frontierjob_2270577_8.log,0.2,642,436,447,0.596
reacher_frontierjob_2270577_9.log,0.2,680,415,475,0.621
reacher_frontier_tau0.1_k16_seed42.log,0.1,924,203,784,0.820
reacher_frontier_tau0.1_k16_seed43.log,0.1,889,201,756,0.816
reacher_frontier_tau0.1_k4_seed42.log,0.1,694,146,558,0.826
reacher_frontier_tau0.1_k4_seed43.log,0.1,709,126,572,0.849
reacher_frontier_tau0.1_k4_seed44.log,0.1,727,147,593,0.832
reacher_frontier_tau0.1_k4_seed45.log,0.1,660,124,529,0.842
reacher_frontier_tau0.1_k8_seed42.log,0.1,858,186,722,0.822
reacher_frontier_tau0.1_k8_seed43.log,0.1,808,173,670,0.824
reacher_frontier_tau0.2_k16_seed42.log,0.2,771,448,576,0.632
reacher_frontier_tau0.2_k16_seed43.log,0.2,728,405,526,0.643
reacher_frontier_tau0.2_k4_seed42.log,0.2,592,342,413,0.634
reacher_frontier_tau0.2_k4_seed43.log,0.2,570,319,388,0.641
reacher_frontier_tau0.2_k4_seed44.log,0.2,591,376,389,0.611
reacher_frontier_tau0.2_k4_seed45.log,0.2,609,367,409,0.624
reacher_frontier_tau0.2_k8_seed42.log,0.2,642,436,447,0.596
reacher_frontier_tau0.2_k8_seed43.log,0.2,680,415,475,0.621
reacher_frontier_tau0.3_k16_seed42.log,0.3,692,658,391,0.513
reacher_frontier_tau0.3_k16_seed43.log,0.3,616,579,338,0.515
reacher_frontier_tau0.3_k4_seed42.log,0.3,567,553,290,0.506
reacher_frontier_tau0.3_k4_seed43.log,0.3,523,468,271,0.528
reacher_frontier_tau0.3_k8_seed42.log,0.3,605,578,330,0.511
reacher_frontier_tau0.3_k8_seed43.log,0.3,592,541,316,0.523
reacher_frontier_tau0.4_k16_seed42.log,0.4,629,761,257,0.453
reacher_frontier_tau0.4_k16_seed43.log,0.4,585,690,237,0.459
reacher_frontier_tau0.4_k4_seed42.log,0.4,528,653,180,0.447
reacher_frontier_tau0.4_k4_seed43.log,0.4,544,600,215,0.476
reacher_frontier_tau0.4_k8_seed42.log,0.4,535,649,201,0.452
reacher_frontier_tau0.4_k8_seed43.log,0.4,585,685,223,0.461
reacher_gatejob_2270643_0.log,0.2,264,44,125,0.857
reacher_gatejob_2270643_1.log,0.2,228,40,89,0.851
reacher_gatejob_2270643_2.log,0.2,239,49,96,0.830
reacher_gatejob_2270643_3.log,0.2,222,31,84,0.877
reacher_gatejob_2270643_4.log,0.2,439,90,185,0.830
reacher_gatejob_2270643_5.log,0.2,434,105,196,0.805
reacher_gatejob_2270643_6.log,0.2,628,165,304,0.792
reacher_gatejob_2270643_7.log,0.2,641,166,288,0.794
reacher_gate_t100_seed42.log,0.2,439,90,185,0.830
reacher_gate_t100_seed43.log,0.2,434,105,196,0.805
reacher_gate_t150_seed42.log,0.2,628,165,304,0.792
reacher_gate_t150_seed43.log,0.2,641,166,288,0.794
reacher_gate_t25_seed42.log,0.2,264,44,125,0.857
reacher_gate_t25_seed43.log,0.2,228,40,89,0.851
reacher_gate_t25_seed44.log,0.2,239,49,96,0.830
reacher_gate_t25_seed45.log,0.2,222,31,84,0.877
reacher_horizon_2270238_16.log,0.2,302,173,147,0.636
reacher_horizon_2270238_17.log,0.2,336,173,185,0.660
reacher_horizon_2270238_18.log,0.2,494,285,312,0.634
reacher_horizon_2270238_18.log,0.2,349,164,200,0.680
reacher_horizon_2270238_19.log,0.2,476,283,302,0.627
reacher_horizon_2270238_19.log,0.2,348,165,203,0.678
reacher_horizon_2270238_20.log,0.2,579,323,402,0.642
reacher_horizon_2270238_20.log,0.2,358,160,214,0.691
reacher_horizon_2270238_21.log,0.2,556,370,366,0.600
reacher_horizon_2270238_21.log,0.2,348,189,200,0.648
reacher_horizon_2270238_22.log,0.2,686,456,484,0.601
reacher_horizon_2270238_22.log,0.2,371,190,230,0.661
reacher_horizon_2270238_23.log,0.2,701,444,490,0.612
reacher_horizon_2270238_23.log,0.2,390,188,239,0.675
reacher_horizon_s10spec_t100_2t_seed42.log,0.2,686,456,484,0.601
reacher_horizon_s10spec_t100_2t_seed43.log,0.2,701,444,490,0.612
reacher_horizon_s10spec_t100_b50_seed42.log,0.2,371,190,230,0.661
reacher_horizon_s10spec_t100_b50_seed43.log,0.2,390,188,239,0.675
reacher_horizon_s10spec_t100_seed42.log,0.2,686,456,484,0.601
reacher_horizon_s10spec_t100_seed42.log,0.2,371,190,230,0.661
reacher_horizon_s10spec_t100_seed43.log,0.2,701,444,490,0.612
reacher_horizon_s10spec_t100_seed43.log,0.2,390,188,239,0.675
reacher_horizon_s10spec_t100_seed44.log,0.2,650,380,458,0.631
reacher_horizon_s10spec_t100_seed45.log,0.2,638,415,424,0.606
reacher_horizon_s10spec_t25_2t_seed42.log,0.2,302,173,147,0.636
reacher_horizon_s10spec_t25_2t_seed43.log,0.2,336,173,185,0.660
reacher_horizon_s10spec_t25_seed42.log,0.2,302,173,147,0.636
reacher_horizon_s10spec_t25_seed43.log,0.2,336,173,185,0.660
reacher_horizon_s10spec_t50_2t_seed42.log,0.2,494,285,312,0.634
reacher_horizon_s10spec_t50_2t_seed43.log,0.2,476,283,302,0.627
reacher_horizon_s10spec_t50_b50_seed42.log,0.2,349,164,200,0.680
reacher_horizon_s10spec_t50_b50_seed43.log,0.2,348,165,203,0.678
reacher_horizon_s10spec_t50_seed42.log,0.2,494,285,312,0.634
reacher_horizon_s10spec_t50_seed42.log,0.2,349,164,200,0.680
reacher_horizon_s10spec_t50_seed43.log,0.2,476,283,302,0.627
reacher_horizon_s10spec_t50_seed43.log,0.2,348,165,203,0.678
reacher_horizon_s10spec_t75_2t_seed42.log,0.2,579,323,402,0.642
reacher_horizon_s10spec_t75_2t_seed43.log,0.2,556,370,366,0.600
reacher_horizon_s10spec_t75_b50_seed42.log,0.2,358,160,214,0.691
reacher_horizon_s10spec_t75_b50_seed43.log,0.2,348,189,200,0.648
reacher_horizon_s10spec_t75_seed42.log,0.2,579,323,402,0.642
reacher_horizon_s10spec_t75_seed42.log,0.2,358,160,214,0.691
reacher_horizon_s10spec_t75_seed43.log,0.2,556,370,366,0.600
reacher_horizon_s10spec_t75_seed43.log,0.2,348,189,200,0.648
reacher_horizon_s10spec_t75_seed44.log,0.2,570,332,375,0.632
reacher_horizon_s10spec_t75_seed45.log,0.2,556,334,376,0.625
reacher_hz150job_2270576_24.log,0.2,637,385,442,0.623
reacher_hz150job_2270576_25.log,0.2,666,377,474,0.639
reacher_hz150job_2270576_26.log,0.2,662,378,464,0.637
reacher_hz150job_2270576_27.log,0.2,624,366,423,0.630
reacher_hz150job_2270576_28.log,0.2,767,505,525,0.603
reacher_hz150job_2270576_29.log,0.2,756,448,531,0.628
reacher_hz150job_2270576_30.log,0.2,732,439,526,0.625
reacher_hz150job_2270576_31.log,0.2,735,453,529,0.619
reacher_hz150job_2270576_32.log,0.2,792,457,587,0.634
reacher_hz150job_2270576_33.log,0.2,783,487,565,0.617
reacher_hz150job_2270576_34.log,0.2,784,466,567,0.627
reacher_hz150job_2270576_35.log,0.2,814,510,602,0.615
reacher_hz150k4_s10spec_t100_seed42.log,0.2,591,351,394,0.627
reacher_hz150k4_s10spec_t100_seed43.log,0.2,602,318,411,0.654
reacher_hz150k4_s10spec_t100_seed44.log,0.2,591,333,407,0.640
reacher_hz150k4_s10spec_t100_seed45.log,0.2,597,323,402,0.649
reacher_hz150k4_s10spec_t125_seed42.log,0.2,662,371,464,0.641
reacher_hz150k4_s10spec_t125_seed43.log,0.2,626,376,408,0.625
reacher_hz150k4_s10spec_t125_seed44.log,0.2,652,335,462,0.661
reacher_hz150k4_s10spec_t125_seed45.log,0.2,642,380,443,0.628
reacher_hz150k4_s10spec_t150_seed42.log,0.2,686,363,487,0.654
reacher_hz150k4_s10spec_t150_seed43.log,0.2,707,374,518,0.654
reacher_hz150k4_s10spec_t150_seed44.log,0.2,694,393,499,0.638
reacher_hz150k4_s10spec_t150_seed45.log,0.2,711,400,511,0.640
reacher_hz150_s10spec_t100_seed42.log,0.2,637,385,442,0.623
reacher_hz150_s10spec_t100_seed43.log,0.2,666,377,474,0.639
reacher_hz150_s10spec_t100_seed44.log,0.2,662,378,464,0.637
reacher_hz150_s10spec_t100_seed45.log,0.2,624,366,423,0.630
reacher_hz150_s10spec_t125_seed42.log,0.2,767,505,525,0.603
reacher_hz150_s10spec_t125_seed43.log,0.2,756,448,531,0.628
reacher_hz150_s10spec_t125_seed44.log,0.2,732,439,526,0.625
reacher_hz150_s10spec_t125_seed45.log,0.2,735,453,529,0.619
reacher_hz150_s10spec_t150_seed42.log,0.2,792,457,587,0.634
reacher_hz150_s10spec_t150_seed43.log,0.2,783,487,565,0.617
reacher_hz150_s10spec_t150_seed44.log,0.2,784,466,567,0.627
reacher_hz150_s10spec_t150_seed45.log,0.2,814,510,602,0.615
reacher_hzext_2270564_10.log,0.2,650,380,458,0.631
reacher_hzext_2270564_11.log,0.2,638,415,424,0.606
reacher_hzext_2270564_8.log,0.2,570,332,375,0.632
reacher_hzext_2270564_9.log,0.2,556,334,376,0.625
reacher_speck1_t100_seed42.log,0.2,686,0,558,1.000
reacher_speck1_t100_seed43.log,0.2,672,0,544,1.000
reacher_speck1_t100_seed44.log,0.2,710,0,582,1.000
reacher_speck1_t100_seed45.log,0.2,723,0,595,1.000
reacher_speck2_t100_seed42.log,0.2,707,0,579,1.000
reacher_speck2_t100_seed43.log,0.2,676,0,548,1.000
reacher_speck2_t100_seed44.log,0.2,680,0,552,1.000
reacher_speck2_t100_seed45.log,0.2,743,0,615,1.000
reacher_speck4job_2271630_0.log,0.2,591,351,394,0.627
reacher_speck4job_2271630_10.log,0.2,694,393,499,0.638
reacher_speck4job_2271630_11.log,0.2,711,400,511,0.640
reacher_speck4job_2271630_1.log,0.2,602,318,411,0.654
reacher_speck4job_2271630_2.log,0.2,591,333,407,0.640
reacher_speck4job_2271630_3.log,0.2,597,323,402,0.649
reacher_speck4job_2271630_4.log,0.2,662,371,464,0.641
reacher_speck4job_2271630_5.log,0.2,626,376,408,0.625
reacher_speck4job_2271630_6.log,0.2,652,335,462,0.661
reacher_speck4job_2271630_7.log,0.2,642,380,443,0.628
reacher_speck4job_2271630_8.log,0.2,686,363,487,0.654
reacher_speck4job_2271630_9.log,0.2,707,374,518,0.654
reacher_strongjob_2270711_12.log,0.2,591,376,389,0.611
reacher_strongjob_2270711_13.log,0.2,609,367,409,0.624
reacher_strongjob_2270711_14.log,0.1,727,147,593,0.832
reacher_strongjob_2270711_15.log,0.1,660,124,529,0.842
rea_ext_2276595_32.log,0.2,329,151,178,0.685
rea_ext_2276595_33.log,0.2,323,155,171,0.676
rea_ext_2276595_34.log,0.2,348,172,196,0.669
rea_ext_2276595_35.log,0.2,313,161,157,0.660
rea_ext_2276595_36.log,0.2,473,252,300,0.652
rea_ext_2276595_37.log,0.2,495,296,309,0.626
rea_ext_2276595_38.log,0.2,474,278,304,0.630
rea_ext_2276595_39.log,0.2,482,294,305,0.621
rea_ext_2276595_40.log,0.2,731,419,532,0.636
rea_ext_2276595_41.log,0.2,707,391,519,0.644
rea_ext_2276595_42.log,0.2,770,442,561,0.635
rea_ext_2276595_43.log,0.2,635,376,444,0.628
rea_ext_2276595_44.log,0.2,885,587,637,0.601
rea_ext_2276595_45.log,0.2,852,521,628,0.621
rea_ext_2276595_46.log,0.2,840,499,617,0.627
rea_ext_2276595_47.log,0.2,842,544,613,0.608
rea_ext_2276595_80.log,0.2,4,1,3,0.800
rea_ext_2276595_81.log,0.2,4,1,3,0.800
rea_ext_2276595_82.log,0.2,5,0,4,1.000
rea_ext_2276595_83.log,0.2,4,1,3,0.800
rea_ext_2276595_84.log,0.2,38,17,28,0.691
rea_ext_2276595_85.log,0.2,40,24,30,0.625
rea_ext_2276595_86.log,0.2,35,26,23,0.574
rea_ext_2276595_87.log,0.2,49,16,38,0.754
rea_ext_2276595_88.log,0.2,270,115,226,0.701
rea_ext_2276595_89.log,0.2,263,150,211,0.637
rea_ext_2276595_90.log,0.2,247,124,201,0.666
rea_ext_2276595_91.log,0.2,272,149,220,0.646
rea_ext_2276595_92.log,0.2,347,222,271,0.610
rea_ext_2276595_93.log,0.2,333,206,259,0.618
rea_ext_2276595_94.log,0.2,327,201,257,0.619
rea_ext_2276595_95.log,0.2,408,267,320,0.604
rea_ext_r_spec_t100_seed46.log,0.2,270,115,226,0.701
rea_ext_r_spec_t100_seed47.log,0.2,263,150,211,0.637
rea_ext_r_spec_t100_seed48.log,0.2,247,124,201,0.666
rea_ext_r_spec_t100_seed49.log,0.2,272,149,220,0.646
rea_ext_r_spec_t150_seed46.log,0.2,347,222,271,0.610
rea_ext_r_spec_t150_seed47.log,0.2,333,206,259,0.618
rea_ext_r_spec_t150_seed48.log,0.2,327,201,257,0.619
rea_ext_r_spec_t150_seed49.log,0.2,408,267,320,0.604
rea_ext_r_spec_t25_seed46.log,0.2,4,1,3,0.800
rea_ext_r_spec_t25_seed47.log,0.2,4,1,3,0.800
rea_ext_r_spec_t25_seed48.log,0.2,5,0,4,1.000
rea_ext_r_spec_t25_seed49.log,0.2,4,1,3,0.800
rea_ext_r_spec_t50_seed46.log,0.2,38,17,28,0.691
rea_ext_r_spec_t50_seed47.log,0.2,40,24,30,0.625
rea_ext_r_spec_t50_seed48.log,0.2,35,26,23,0.574
rea_ext_r_spec_t50_seed49.log,0.2,49,16,38,0.754
rea_ext_spec_t100_seed46.log,0.2,731,419,532,0.636
rea_ext_spec_t100_seed47.log,0.2,707,391,519,0.644
rea_ext_spec_t100_seed48.log,0.2,770,442,561,0.635
rea_ext_spec_t100_seed49.log,0.2,635,376,444,0.628
rea_ext_spec_t150_seed46.log,0.2,885,587,637,0.601
rea_ext_spec_t150_seed47.log,0.2,852,521,628,0.621
rea_ext_spec_t150_seed48.log,0.2,840,499,617,0.627
rea_ext_spec_t150_seed49.log,0.2,842,544,613,0.608
rea_ext_spec_t25_seed46.log,0.2,329,151,178,0.685
rea_ext_spec_t25_seed47.log,0.2,323,155,171,0.676
rea_ext_spec_t25_seed48.log,0.2,348,172,196,0.669
rea_ext_spec_t25_seed49.log,0.2,313,161,157,0.660
rea_ext_spec_t50_seed46.log,0.2,473,252,300,0.652
rea_ext_spec_t50_seed47.log,0.2,495,296,309,0.626
rea_ext_spec_t50_seed48.log,0.2,474,278,304,0.630
rea_ext_spec_t50_seed49.log,0.2,482,294,305,0.621
rea_roverify_2292721_0.log,0.2,287,209,123,0.579
rea_roverify_2292721_10.log,0.2,664,588,388,0.530
rea_roverify_2292721_11.log,0.2,681,566,411,0.546
rea_roverify_2292721_12.log,0.2,757,670,450,0.530
rea_roverify_2292721_13.log,0.2,822,734,504,0.528
rea_roverify_2292721_14.log,0.2,698,618,412,0.530
rea_roverify_2292721_15.log,0.2,795,715,474,0.526
rea_roverify_2292721_1.log,0.2,274,200,103,0.578
rea_roverify_2292721_2.log,0.2,288,190,112,0.603
rea_roverify_2292721_3.log,0.2,295,192,128,0.606
rea_roverify_2292721_4.log,0.2,457,366,240,0.555
rea_roverify_2292721_5.log,0.2,454,369,234,0.552
rea_roverify_2292721_6.log,0.2,456,386,237,0.542
rea_roverify_2292721_7.log,0.2,419,357,202,0.540
rea_roverify_2292721_8.log,0.2,678,570,414,0.543
rea_roverify_2292721_9.log,0.2,680,565,412,0.546
rea_roverify_t100_seed42.log,0.2,678,570,414,0.543
rea_roverify_t100_seed43.log,0.2,680,565,412,0.546
rea_roverify_t100_seed44.log,0.2,664,588,388,0.530
rea_roverify_t100_seed45.log,0.2,681,566,411,0.546
rea_roverify_t150_seed42.log,0.2,757,670,450,0.530
rea_roverify_t150_seed43.log,0.2,822,734,504,0.528
rea_roverify_t150_seed44.log,0.2,698,618,412,0.530
rea_roverify_t150_seed45.log,0.2,795,715,474,0.526
rea_roverify_t25_seed42.log,0.2,287,209,123,0.579
rea_roverify_t25_seed43.log,0.2,274,200,103,0.578
rea_roverify_t25_seed44.log,0.2,288,190,112,0.603
rea_roverify_t25_seed45.log,0.2,295,192,128,0.606
rea_roverify_t50_seed42.log,0.2,457,366,240,0.555
rea_roverify_t50_seed43.log,0.2,454,369,234,0.552
rea_roverify_t50_seed44.log,0.2,456,386,237,0.542
rea_roverify_t50_seed45.log,0.2,419,357,202,0.540
tgrid_cube_spec_seed42.log,0.2,752,80,578,0.904
tgrid_cube_spec_seed43.log,0.2,785,93,621,0.894
tgrid_cube_spec_seed44.log,0.2,798,87,616,0.902
tgrid_cube_spec_seed45.log,0.2,707,85,542,0.893
tgrid_cube_spec_seed46.log,0.2,842,115,674,0.880
tgrid_pusht_spec_seed42.log,0.2,1303,814,959,0.615
tgrid_pusht_spec_seed43.log,0.2,1251,792,910,0.612
tgrid_pusht_spec_seed44.log,0.2,1198,783,854,0.605
tgrid_pusht_spec_seed45.log,0.2,1254,749,923,0.626
tgrid_pusht_spec_seed46.log,0.2,1255,818,916,0.605
tgrid_reacher_spec_seed42.log,0.2,730,422,529,0.634
tgrid_reacher_spec_seed43.log,0.2,779,478,562,0.620
tgrid_reacher_spec_seed44.log,0.2,722,444,522,0.619
tgrid_reacher_spec_seed45.log,0.2,772,454,551,0.630
tgrid_reacher_spec_seed46.log,0.2,703,467,488,0.601
timing_grid_2277177_10.log,0.2,1303,814,959,0.615
timing_grid_2277177_11.log,0.2,1251,792,910,0.612
timing_grid_2277177_12.log,0.2,1198,783,854,0.605
timing_grid_2277177_13.log,0.2,1254,749,923,0.626
timing_grid_2277177_14.log,0.2,1255,818,916,0.605
timing_grid_2277177_30.log,0.2,730,422,529,0.634
timing_grid_2277177_31.log,0.2,779,478,562,0.620
timing_grid_2277177_32.log,0.2,722,444,522,0.619
timing_grid_2277177_33.log,0.2,772,454,551,0.630
timing_grid_2277177_34.log,0.2,703,467,488,0.601
timing_grid_2277177_50.log,0.2,752,80,578,0.904
timing_grid_2277177_51.log,0.2,785,93,621,0.894
timing_grid_2277177_52.log,0.2,798,87,616,0.902
timing_grid_2277177_53.log,0.2,707,85,542,0.893
timing_grid_2277177_54.log,0.2,842,115,674,0.880
tworoom_s2_2286127.log,0.2,124,0,60,1.000
tworoom_s2_2286127.log,0.2,124,0,60,1.000
tworoom_s2_2286127.log,0.2,123,0,59,1.000
tworoom_s2_2286127.log,0.2,123,0,59,1.000
tworoom_s2_2286127.log,0.2,382,0,318,1.000
tworoom_s2_2286127.log,0.2,384,0,320,1.000
tworoom_s2_2286127.log,0.2,379,0,315,1.000
tworoom_s2_2286127.log,0.2,384,0,320,1.000
tworoom_s2_2286127.log,0.2,124,0,60,1.000
tworoom_s2_2286127.log,0.2,123,0,59,1.000
tworoom_s2_2286127.log,0.2,122,0,58,1.000
tworoom_s2_2286127.log,0.2,122,0,58,1.000
tworoom_s2_2286127.log,0.2,381,0,317,1.000
tworoom_s2_2286127.log,0.2,379,0,315,1.000
tworoom_s2_2286127.log,0.2,381,0,317,1.000
tworoom_s2_2286127.log,0.2,379,0,315,1.000
tworoom_specaccept-gc_t25_seed42.log,0.2,124,0,60,1.000
tworoom_specaccept-gc_t25_seed43.log,0.2,123,0,59,1.000
tworoom_specaccept-gc_t25_seed44.log,0.2,122,0,58,1.000
tworoom_specaccept-gc_t25_seed45.log,0.2,122,0,58,1.000
tworoom_specaccept-gc_t75_seed42.log,0.2,381,0,317,1.000
tworoom_specaccept-gc_t75_seed43.log,0.2,379,0,315,1.000
tworoom_specaccept-gc_t75_seed44.log,0.2,381,0,317,1.000
tworoom_specaccept-gc_t75_seed45.log,0.2,379,0,315,1.000
tworoom_specaccept-gf_t25_seed42.log,0.2,124,0,60,1.000
tworoom_specaccept-gf_t25_seed43.log,0.2,124,0,60,1.000
tworoom_specaccept-gf_t25_seed44.log,0.2,123,0,59,1.000
tworoom_specaccept-gf_t25_seed45.log,0.2,123,0,59,1.000
tworoom_specaccept-gf_t75_seed42.log,0.2,382,0,318,1.000
tworoom_specaccept-gf_t75_seed43.log,0.2,384,0,320,1.000
tworoom_specaccept-gf_t75_seed44.log,0.2,379,0,315,1.000
tworoom_specaccept-gf_t75_seed45.log,0.2,384,0,320,1.000
